idx,KEEP,ITEM,IMAGE,ID,CATEGORY,LEVEL_UPGRADE,REQ_LEVEL,EXCELLENT_BITMASK_INFERRED,EXCELLENT_COUNT_INFERRED,ANCIENT_SET_OPTION,HARMONY,SOCKET_COUNT,DURATION_DAYS,COIN0,COIN1,COIN2,QTY,CLASS,DAMAGE,CURRENT_RISK,RECOMMEND,NOTES
1,UNREVIEWED,Kris,NOT_AVAILABLE_BLOCKED_NO_CLIENT_ASSET_ACCESS,"type=0,index=0",Swords,13,0,63,6,0,0,0,60,10000,0,0,1,DW/DK/FE/MG/DL/SU/RF,6-11,MAX_UPGRADE_+13; ALL_6_EXCELLENT_OPTIONS_INFERRED; MAX_ADDITIONAL_OPTION_INFERRED,RECOMMEND_REVIEW_UNCLASSIFIED,
2,UNREVIEWED,Short Sword,NOT_AVAILABLE_BLOCKED_NO_CLIENT_ASSET_ACCESS,"type=0,index=1",Swords,13,0,63,6,0,0,0,60,20000,0,0,1,DW/DK/FE/MG/DL/SU/RF,3-7,MAX_UPGRADE_+13; ALL_6_EXCELLENT_OPTIONS_INFERRED; MAX_ADDITIONAL_OPTION_INFERRED,RECOMMEND_REVIEW_UNCLASSIFIED,
3,UNREVIEWED,Rapier,NOT_AVAILABLE_BLOCKED_NO_CLIENT_ASSET_ACCESS,"type=0,index=2",Swords,13,0,63,6,0,0,0,60,30000,0,0,1,DK/FE/MG/DL/SU,9-15,MAX_UPGRADE_+13; ALL_6_EXCELLENT_OPTIONS_INFERRED; MAX_ADDITIONAL_OPTION_INFERRED,RECOMMEND_REVIEW_UNCLASSIFIED,
4,UNREVIEWED,Katana,NOT_AVAILABLE_BLOCKED_NO_CLIENT_ASSET_ACCESS,"type=0,index=3",Swords,13,0,63,6,0,0,0,60,500,200,60,1,DK/MG/DL,16-26,MAX_UPGRADE_+13; ALL_6_EXCELLENT_OPTIONS_INFERRED; MAX_ADDITIONAL_OPTION_INFERRED,RECOMMEND_REVIEW_UNCLASSIFIED,
5,UNREVIEWED,Sword of Assassin,NOT_AVAILABLE_BLOCKED_NO_CLIENT_ASSET_ACCESS,"type=0,index=4",Swords,13,0,63,6,0,0,0,60,25000,0,0,1,DK/MG/DL,12-18,MAX_UPGRADE_+13; ALL_6_EXCELLENT_OPTIONS_INFERRED; MAX_ADDITIONAL_OPTION_INFERRED,RECOMMEND_REVIEW_UNCLASSIFIED,
6,UNREVIEWED,Blade,NOT_AVAILABLE_BLOCKED_NO_CLIENT_ASSET_ACCESS,"type=0,index=5",Swords,13,0,63,6,0,0,0,60,25000,0,0,1,DW/DK/FE/MG/DL,36-47,MAX_UPGRADE_+13; ALL_6_EXCELLENT_OPTIONS_INFERRED; MAX_ADDITIONAL_OPTION_INFERRED,RECOMMEND_REVIEW_UNCLASSIFIED,
7,UNREVIEWED,Gladius,NOT_AVAILABLE_BLOCKED_NO_CLIENT_ASSET_ACCESS,"type=0,index=6",Swords,13,0,63,6,0,0,0,60,25000,0,0,1,DK/FE/MG/DL,20-30,MAX_UPGRADE_+13; ALL_6_EXCELLENT_OPTIONS_INFERRED; MAX_ADDITIONAL_OPTION_INFERRED,RECOMMEND_REVIEW_UNCLASSIFIED,
8,UNREVIEWED,Falchion,NOT_AVAILABLE_BLOCKED_NO_CLIENT_ASSET_ACCESS,"type=0,index=7",Swords,13,0,63,6,0,0,0,60,25000,0,0,1,DK/MG/DL,24-34,MAX_UPGRADE_+13; ALL_6_EXCELLENT_OPTIONS_INFERRED; MAX_ADDITIONAL_OPTION_INFERRED,RECOMMEND_REVIEW_UNCLASSIFIED,
9,UNREVIEWED,Serpent Sword,NOT_AVAILABLE_BLOCKED_NO_CLIENT_ASSET_ACCESS,"type=0,index=8",Swords,13,0,63,6,0,0,0,60,25000,0,0,1,DK/MG/DL,30-40,MAX_UPGRADE_+13; ALL_6_EXCELLENT_OPTIONS_INFERRED; MAX_ADDITIONAL_OPTION_INFERRED,RECOMMEND_REVIEW_UNCLASSIFIED,
10,UNREVIEWED,Sword of Salamander,NOT_AVAILABLE_BLOCKED_NO_CLIENT_ASSET_ACCESS,"type=0,index=9",Swords,13,0,63,6,0,0,0,60,25000,0,0,1,DK/MG,32-46,MAX_UPGRADE_+13; ALL_6_EXCELLENT_OPTIONS_INFERRED; MAX_ADDITIONAL_OPTION_INFERRED,RECOMMEND_REVIEW_UNCLASSIFIED,
11,UNREVIEWED,Light Saber,NOT_AVAILABLE_BLOCKED_NO_CLIENT_ASSET_ACCESS,"type=0,index=10",Swords,13,0,63,6,0,0,0,60,25000,0,0,1,DK/FE/MG,47-61,MAX_UPGRADE_+13; ALL_6_EXCELLENT_OPTIONS_INFERRED; MAX_ADDITIONAL_OPTION_INFERRED,RECOMMEND_REVIEW_UNCLASSIFIED,
12,UNREVIEWED,Legendary Sword,NOT_AVAILABLE_BLOCKED_NO_CLIENT_ASSET_ACCESS,"type=0,index=11",Swords,13,0,63,6,0,0,0,60,25000,0,0,1,DK/MG,56-72,MAX_UPGRADE_+13; ALL_6_EXCELLENT_OPTIONS_INFERRED; MAX_ADDITIONAL_OPTION_INFERRED,RECOMMEND_REVIEW_UNCLASSIFIED,
13,UNREVIEWED,Small Axe,NOT_AVAILABLE_BLOCKED_NO_CLIENT_ASSET_ACCESS,"type=1,index=0",Axes,13,0,63,6,0,0,0,PERMANENT,10000,50,0,1,DW/DK/FE/MG/DL/SU/RF,1-6,MAX_UPGRADE_+13; ALL_6_EXCELLENT_OPTIONS_INFERRED; MAX_ADDITIONAL_OPTION_INFERRED,RECOMMEND_REVIEW_UNCLASSIFIED,
14,UNREVIEWED,Hand Axe,NOT_AVAILABLE_BLOCKED_NO_CLIENT_ASSET_ACCESS,"type=1,index=1",Axes,13,0,63,6,0,0,0,PERMANENT,20000,50,0,1,DW/DK/FE/MG/DL/SU/RF,4-9,MAX_UPGRADE_+13; ALL_6_EXCELLENT_OPTIONS_INFERRED; MAX_ADDITIONAL_OPTION_INFERRED,RECOMMEND_REVIEW_UNCLASSIFIED,
15,UNREVIEWED,Double Axe,NOT_AVAILABLE_BLOCKED_NO_CLIENT_ASSET_ACCESS,"type=1,index=2",Axes,13,0,63,6,0,0,0,PERMANENT,30000,50,0,1,DK/MG/DL,14-24,MAX_UPGRADE_+13; ALL_6_EXCELLENT_OPTIONS_INFERRED; MAX_ADDITIONAL_OPTION_INFERRED,RECOMMEND_REVIEW_UNCLASSIFIED,
16,UNREVIEWED,Tomahawk,NOT_AVAILABLE_BLOCKED_NO_CLIENT_ASSET_ACCESS,"type=1,index=3",Axes,13,0,63,6,0,0,0,PERMANENT,15000,50,0,1,DK/MG/DL/RF,18-28,MAX_UPGRADE_+13; ALL_6_EXCELLENT_OPTIONS_INFERRED; MAX_ADDITIONAL_OPTION_INFERRED,RECOMMEND_REVIEW_UNCLASSIFIED,
17,UNREVIEWED,Elven Axe,NOT_AVAILABLE_BLOCKED_NO_CLIENT_ASSET_ACCESS,"type=1,index=4",Axes,13,0,63,6,0,0,0,PERMANENT,25000,50,0,1,DW/FE/MG/SU,26-38,MAX_UPGRADE_+13; ALL_6_EXCELLENT_OPTIONS_INFERRED; MAX_ADDITIONAL_OPTION_INFERRED,RECOMMEND_REVIEW_UNCLASSIFIED,
18,UNREVIEWED,Battle Axe,NOT_AVAILABLE_BLOCKED_NO_CLIENT_ASSET_ACCESS,"type=1,index=5",Axes,13,0,63,6,0,0,0,PERMANENT,25000,50,0,1,DK/FE/MG,36-44,MAX_UPGRADE_+13; ALL_6_EXCELLENT_OPTIONS_INFERRED; MAX_ADDITIONAL_OPTION_INFERRED,RECOMMEND_REVIEW_UNCLASSIFIED,
19,UNREVIEWED,Nikea Axe,NOT_AVAILABLE_BLOCKED_NO_CLIENT_ASSET_ACCESS,"type=1,index=6",Axes,13,0,63,6,0,0,0,PERMANENT,25000,50,0,1,DK/FE/MG,38-50,MAX_UPGRADE_+13; ALL_6_EXCELLENT_OPTIONS_INFERRED; MAX_ADDITIONAL_OPTION_INFERRED,RECOMMEND_REVIEW_UNCLASSIFIED,
20,UNREVIEWED,Larkan Axe,NOT_AVAILABLE_BLOCKED_NO_CLIENT_ASSET_ACCESS,"type=1,index=7",Axes,13,0,63,6,0,0,0,PERMANENT,25000,50,0,1,DK/MG,54-67,MAX_UPGRADE_+13; ALL_6_EXCELLENT_OPTIONS_INFERRED; MAX_ADDITIONAL_OPTION_INFERRED,RECOMMEND_REVIEW_UNCLASSIFIED,
21,UNREVIEWED,Crescent Axe,NOT_AVAILABLE_BLOCKED_NO_CLIENT_ASSET_ACCESS,"type=1,index=8",Axes,13,0,63,6,0,0,0,PERMANENT,25000,50,0,1,DK/MG,69-89,MAX_UPGRADE_+13; ALL_6_EXCELLENT_OPTIONS_INFERRED; MAX_ADDITIONAL_OPTION_INFERRED,RECOMMEND_REVIEW_UNCLASSIFIED,
22,UNREVIEWED,NOT_AVAILABLE,NOT_AVAILABLE_BLOCKED_NO_CLIENT_ASSET_ACCESS,"type=1,index=9",Axes,13,NOT_AVAILABLE,63,6,0,0,0,PERMANENT,25000,50,0,1,NOT_AVAILABLE,N/A_NON_WEAPON_OR_UNRESOLVED,MAX_UPGRADE_+13; ALL_6_EXCELLENT_OPTIONS_INFERRED; MAX_ADDITIONAL_OPTION_INFERRED; NAME_LOOKUP_FAILED_NOT_AVAILABLE,NOT_AVAILABLE,Name lookup failed against Item.txt at this Type/Slot key — likely a slot that does not exist in the base item table (confirm with GameServer source or in-game inspection before assuming a data error).
23,UNREVIEWED,NOT_AVAILABLE,NOT_AVAILABLE_BLOCKED_NO_CLIENT_ASSET_ACCESS,"type=1,index=10",Axes,13,NOT_AVAILABLE,63,6,0,0,0,PERMANENT,25000,50,0,1,NOT_AVAILABLE,N/A_NON_WEAPON_OR_UNRESOLVED,MAX_UPGRADE_+13; ALL_6_EXCELLENT_OPTIONS_INFERRED; MAX_ADDITIONAL_OPTION_INFERRED; NAME_LOOKUP_FAILED_NOT_AVAILABLE,NOT_AVAILABLE,Name lookup failed against Item.txt at this Type/Slot key — likely a slot that does not exist in the base item table (confirm with GameServer source or in-game inspection before assuming a data error).
24,UNREVIEWED,NOT_AVAILABLE,NOT_AVAILABLE_BLOCKED_NO_CLIENT_ASSET_ACCESS,"type=1,index=11",Axes,13,NOT_AVAILABLE,63,6,0,0,0,PERMANENT,25000,50,0,1,NOT_AVAILABLE,N/A_NON_WEAPON_OR_UNRESOLVED,MAX_UPGRADE_+13; ALL_6_EXCELLENT_OPTIONS_INFERRED; MAX_ADDITIONAL_OPTION_INFERRED; NAME_LOOKUP_FAILED_NOT_AVAILABLE,NOT_AVAILABLE,Name lookup failed against Item.txt at this Type/Slot key — likely a slot that does not exist in the base item table (confirm with GameServer source or in-game inspection before assuming a data error).
25,UNREVIEWED,Mace,NOT_AVAILABLE_BLOCKED_NO_CLIENT_ASSET_ACCESS,"type=2,index=0",Scepters,13,0,63,6,0,0,0,PERMANENT,10000,30,10,1,DK/MG/DL/RF,7-13,MAX_UPGRADE_+13; ALL_6_EXCELLENT_OPTIONS_INFERRED; MAX_ADDITIONAL_OPTION_INFERRED,RECOMMEND_REVIEW_UNCLASSIFIED,
26,UNREVIEWED,Morning Star,NOT_AVAILABLE_BLOCKED_NO_CLIENT_ASSET_ACCESS,"type=2,index=1",Scepters,13,0,63,6,0,0,0,PERMANENT,20000,30,10,1,DK/MG/DL/RF,13-22,MAX_UPGRADE_+13; ALL_6_EXCELLENT_OPTIONS_INFERRED; MAX_ADDITIONAL_OPTION_INFERRED,RECOMMEND_REVIEW_UNCLASSIFIED,
27,UNREVIEWED,Flail,NOT_AVAILABLE_BLOCKED_NO_CLIENT_ASSET_ACCESS,"type=2,index=2",Scepters,13,0,63,6,0,0,0,PERMANENT,30000,30,10,1,DK/MG/DL/RF,22-32,MAX_UPGRADE_+13; ALL_6_EXCELLENT_OPTIONS_INFERRED; MAX_ADDITIONAL_OPTION_INFERRED,RECOMMEND_REVIEW_UNCLASSIFIED,
28,UNREVIEWED,Great Hammer,NOT_AVAILABLE_BLOCKED_NO_CLIENT_ASSET_ACCESS,"type=2,index=3",Scepters,13,0,63,6,0,0,0,PERMANENT,15000,30,10,1,DK/MG/RF,45-56,MAX_UPGRADE_+13; ALL_6_EXCELLENT_OPTIONS_INFERRED; MAX_ADDITIONAL_OPTION_INFERRED,RECOMMEND_REVIEW_UNCLASSIFIED,
29,UNREVIEWED,Crystal Morning Star,NOT_AVAILABLE_BLOCKED_NO_CLIENT_ASSET_ACCESS,"type=2,index=4",Scepters,13,0,63,6,0,0,0,PERMANENT,25000,30,10,1,DW/DK/FE/MG/RF,78-107,MAX_UPGRADE_+13; ALL_6_EXCELLENT_OPTIONS_INFERRED; MAX_ADDITIONAL_OPTION_INFERRED,RECOMMEND_REVIEW_UNCLASSIFIED,
30,UNREVIEWED,Crystal Sword,NOT_AVAILABLE_BLOCKED_NO_CLIENT_ASSET_ACCESS,"type=2,index=5",Scepters,13,0,63,6,0,0,0,PERMANENT,25000,30,10,1,DW/DK/FE/MG,89-120,MAX_UPGRADE_+13; ALL_6_EXCELLENT_OPTIONS_INFERRED; MAX_ADDITIONAL_OPTION_INFERRED,RECOMMEND_REVIEW_UNCLASSIFIED,
31,UNREVIEWED,Chaos Dragon Axe,NOT_AVAILABLE_BLOCKED_NO_CLIENT_ASSET_ACCESS,"type=2,index=6",Scepters,13,0,63,6,0,0,0,PERMANENT,25000,30,10,1,DK/MG,102-130,MAX_UPGRADE_+13; ALL_6_EXCELLENT_OPTIONS_INFERRED; MAX_ADDITIONAL_OPTION_INFERRED,RECOMMEND_REVIEW_UNCLASSIFIED,
32,UNREVIEWED,Elemental Mace,NOT_AVAILABLE_BLOCKED_NO_CLIENT_ASSET_ACCESS,"type=2,index=7",Scepters,13,0,63,6,0,0,0,PERMANENT,25000,30,10,1,NONE_FLAGGED,62-80,MAX_UPGRADE_+13; ALL_6_EXCELLENT_OPTIONS_INFERRED; MAX_ADDITIONAL_OPTION_INFERRED,RECOMMEND_REVIEW_UNCLASSIFIED,
33,UNREVIEWED,Battle Scepter,NOT_AVAILABLE_BLOCKED_NO_CLIENT_ASSET_ACCESS,"type=2,index=8",Scepters,13,0,63,6,0,0,0,PERMANENT,25000,30,10,1,DL,41-52,MAX_UPGRADE_+13; ALL_6_EXCELLENT_OPTIONS_INFERRED; MAX_ADDITIONAL_OPTION_INFERRED,RECOMMEND_REVIEW_UNCLASSIFIED,
34,UNREVIEWED,Master Scepter,NOT_AVAILABLE_BLOCKED_NO_CLIENT_ASSET_ACCESS,"type=2,index=9",Scepters,13,0,63,6,0,0,0,PERMANENT,25000,30,10,1,DL,57-68,MAX_UPGRADE_+13; ALL_6_EXCELLENT_OPTIONS_INFERRED; MAX_ADDITIONAL_OPTION_INFERRED,RECOMMEND_REVIEW_UNCLASSIFIED,
35,UNREVIEWED,Great Scepter,NOT_AVAILABLE_BLOCKED_NO_CLIENT_ASSET_ACCESS,"type=2,index=10",Scepters,13,0,63,6,0,0,0,PERMANENT,25000,30,10,1,DL,74-85,MAX_UPGRADE_+13; ALL_6_EXCELLENT_OPTIONS_INFERRED; MAX_ADDITIONAL_OPTION_INFERRED,RECOMMEND_REVIEW_UNCLASSIFIED,
36,UNREVIEWED,Lord Scepter,NOT_AVAILABLE_BLOCKED_NO_CLIENT_ASSET_ACCESS,"type=2,index=11",Scepters,13,0,63,6,0,0,0,PERMANENT,25000,30,10,1,DL,91-102,MAX_UPGRADE_+13; ALL_6_EXCELLENT_OPTIONS_INFERRED; MAX_ADDITIONAL_OPTION_INFERRED,RECOMMEND_REVIEW_UNCLASSIFIED,
37,UNREVIEWED,Light Spear,NOT_AVAILABLE_BLOCKED_NO_CLIENT_ASSET_ACCESS,"type=3,index=0",Spears,13,0,63,6,0,0,0,PERMANENT,0,100,0,1,DK/FE/MG,50-63,MAX_UPGRADE_+13; ALL_6_EXCELLENT_OPTIONS_INFERRED; MAX_ADDITIONAL_OPTION_INFERRED,RECOMMEND_REVIEW_UNCLASSIFIED,
38,UNREVIEWED,Spear,NOT_AVAILABLE_BLOCKED_NO_CLIENT_ASSET_ACCESS,"type=3,index=1",Spears,13,0,63,6,0,0,0,PERMANENT,0,100,0,1,DK/FE/MG,30-41,MAX_UPGRADE_+13; ALL_6_EXCELLENT_OPTIONS_INFERRED; MAX_ADDITIONAL_OPTION_INFERRED,RECOMMEND_REVIEW_UNCLASSIFIED,
39,UNREVIEWED,Dragon Lance,NOT_AVAILABLE_BLOCKED_NO_CLIENT_ASSET_ACCESS,"type=3,index=2",Spears,13,0,63,6,0,0,0,PERMANENT,0,100,0,1,DK/FE/MG,21-33,MAX_UPGRADE_+13; ALL_6_EXCELLENT_OPTIONS_INFERRED; MAX_ADDITIONAL_OPTION_INFERRED,RECOMMEND_REVIEW_UNCLASSIFIED,
40,UNREVIEWED,Giant Trident,NOT_AVAILABLE_BLOCKED_NO_CLIENT_ASSET_ACCESS,"type=3,index=3",Spears,13,0,63,6,0,0,0,PERMANENT,0,100,0,1,DK/FE/MG,35-43,MAX_UPGRADE_+13; ALL_6_EXCELLENT_OPTIONS_INFERRED; MAX_ADDITIONAL_OPTION_INFERRED,RECOMMEND_REVIEW_UNCLASSIFIED,
41,UNREVIEWED,Serpent Spear,NOT_AVAILABLE_BLOCKED_NO_CLIENT_ASSET_ACCESS,"type=3,index=4",Spears,13,0,63,6,0,0,0,PERMANENT,0,100,0,1,DK/FE/MG,58-80,MAX_UPGRADE_+13; ALL_6_EXCELLENT_OPTIONS_INFERRED; MAX_ADDITIONAL_OPTION_INFERRED,RECOMMEND_REVIEW_UNCLASSIFIED,
42,UNREVIEWED,Double Poleaxe,NOT_AVAILABLE_BLOCKED_NO_CLIENT_ASSET_ACCESS,"type=3,index=5",Spears,13,0,63,6,0,0,0,PERMANENT,0,100,0,1,DK/FE/MG,19-31,MAX_UPGRADE_+13; ALL_6_EXCELLENT_OPTIONS_INFERRED; MAX_ADDITIONAL_OPTION_INFERRED,RECOMMEND_REVIEW_UNCLASSIFIED,
43,UNREVIEWED,Halberd,NOT_AVAILABLE_BLOCKED_NO_CLIENT_ASSET_ACCESS,"type=3,index=6",Spears,13,0,63,6,0,0,0,PERMANENT,0,100,0,1,DK/FE/MG,25-35,MAX_UPGRADE_+13; ALL_6_EXCELLENT_OPTIONS_INFERRED; MAX_ADDITIONAL_OPTION_INFERRED,RECOMMEND_REVIEW_UNCLASSIFIED,
44,UNREVIEWED,Berdysh,NOT_AVAILABLE_BLOCKED_NO_CLIENT_ASSET_ACCESS,"type=3,index=7",Spears,13,0,63,6,0,0,0,PERMANENT,0,100,0,1,DK/FE/MG,42-54,MAX_UPGRADE_+13; ALL_6_EXCELLENT_OPTIONS_INFERRED; MAX_ADDITIONAL_OPTION_INFERRED,RECOMMEND_REVIEW_UNCLASSIFIED,
45,UNREVIEWED,Great Scythe,NOT_AVAILABLE_BLOCKED_NO_CLIENT_ASSET_ACCESS,"type=3,index=8",Spears,13,0,63,6,0,0,0,PERMANENT,0,100,0,1,DK/FE/MG,71-92,MAX_UPGRADE_+13; ALL_6_EXCELLENT_OPTIONS_INFERRED; MAX_ADDITIONAL_OPTION_INFERRED,RECOMMEND_REVIEW_UNCLASSIFIED,
46,UNREVIEWED,Bill of Balrog,NOT_AVAILABLE_BLOCKED_NO_CLIENT_ASSET_ACCESS,"type=3,index=9",Spears,13,0,63,6,0,0,0,PERMANENT,0,100,0,1,DK/FE/MG,76-102,MAX_UPGRADE_+13; ALL_6_EXCELLENT_OPTIONS_INFERRED; MAX_ADDITIONAL_OPTION_INFERRED,RECOMMEND_REVIEW_UNCLASSIFIED,
47,UNREVIEWED,Dragon Spear,NOT_AVAILABLE_BLOCKED_NO_CLIENT_ASSET_ACCESS,"type=3,index=10",Spears,13,0,63,6,0,0,0,PERMANENT,0,100,0,1,NONE_FLAGGED,112-140,MAX_UPGRADE_+13; ALL_6_EXCELLENT_OPTIONS_INFERRED; MAX_ADDITIONAL_OPTION_INFERRED,RECOMMEND_REVIEW_UNCLASSIFIED,
48,UNREVIEWED,Brova,NOT_AVAILABLE_BLOCKED_NO_CLIENT_ASSET_ACCESS,"type=3,index=11",Spears,13,0,63,6,0,0,0,PERMANENT,0,100,0,1,MG,190-226,MAX_UPGRADE_+13; ALL_6_EXCELLENT_OPTIONS_INFERRED; MAX_ADDITIONAL_OPTION_INFERRED,RECOMMEND_REVIEW_UNCLASSIFIED,
49,UNREVIEWED,Short Bow,NOT_AVAILABLE_BLOCKED_NO_CLIENT_ASSET_ACCESS,"type=4,index=0",Bows/CrosBows,13,0,63,6,0,0,0,PERMANENT,0,0,200,1,FE,3-5,MAX_UPGRADE_+13; ALL_6_EXCELLENT_OPTIONS_INFERRED; MAX_ADDITIONAL_OPTION_INFERRED,RECOMMEND_REVIEW_UNCLASSIFIED,
50,UNREVIEWED,Bow,NOT_AVAILABLE_BLOCKED_NO_CLIENT_ASSET_ACCESS,"type=4,index=1",Bows/CrosBows,13,0,63,6,0,0,0,PERMANENT,0,0,200,1,FE,9-13,MAX_UPGRADE_+13; ALL_6_EXCELLENT_OPTIONS_INFERRED; MAX_ADDITIONAL_OPTION_INFERRED,RECOMMEND_REVIEW_UNCLASSIFIED,
51,UNREVIEWED,Elven Bow,NOT_AVAILABLE_BLOCKED_NO_CLIENT_ASSET_ACCESS,"type=4,index=2",Bows/CrosBows,13,0,63,6,0,0,0,PERMANENT,0,0,200,1,FE,17-24,MAX_UPGRADE_+13; ALL_6_EXCELLENT_OPTIONS_INFERRED; MAX_ADDITIONAL_OPTION_INFERRED,RECOMMEND_REVIEW_UNCLASSIFIED,
52,UNREVIEWED,Battle Bow,NOT_AVAILABLE_BLOCKED_NO_CLIENT_ASSET_ACCESS,"type=4,index=3",Bows/CrosBows,13,0,63,6,0,0,0,PERMANENT,0,0,200,1,FE,28-37,MAX_UPGRADE_+13; ALL_6_EXCELLENT_OPTIONS_INFERRED; MAX_ADDITIONAL_OPTION_INFERRED,RECOMMEND_REVIEW_UNCLASSIFIED,
53,UNREVIEWED,Tiger Bow,NOT_AVAILABLE_BLOCKED_NO_CLIENT_ASSET_ACCESS,"type=4,index=4",Bows/CrosBows,13,0,63,6,0,0,0,PERMANENT,0,0,200,1,FE,42-52,MAX_UPGRADE_+13; ALL_6_EXCELLENT_OPTIONS_INFERRED; MAX_ADDITIONAL_OPTION_INFERRED,RECOMMEND_REVIEW_UNCLASSIFIED,
54,UNREVIEWED,Silver Bow,NOT_AVAILABLE_BLOCKED_NO_CLIENT_ASSET_ACCESS,"type=4,index=5",Bows/CrosBows,13,0,63,6,0,0,0,PERMANENT,0,0,200,1,FE,59-71,MAX_UPGRADE_+13; ALL_6_EXCELLENT_OPTIONS_INFERRED; MAX_ADDITIONAL_OPTION_INFERRED,RECOMMEND_REVIEW_UNCLASSIFIED,
55,UNREVIEWED,Chaos Nature Bow,NOT_AVAILABLE_BLOCKED_NO_CLIENT_ASSET_ACCESS,"type=4,index=6",Bows/CrosBows,13,0,63,6,0,0,0,PERMANENT,0,0,200,1,FE,88-106,MAX_UPGRADE_+13; ALL_6_EXCELLENT_OPTIONS_INFERRED; MAX_ADDITIONAL_OPTION_INFERRED,RECOMMEND_REVIEW_UNCLASSIFIED,
56,UNREVIEWED,Bolt,NOT_AVAILABLE_BLOCKED_NO_CLIENT_ASSET_ACCESS,"type=4,index=7",Bows/CrosBows,13,0,63,6,0,0,0,PERMANENT,0,0,200,1,FE,0-0,MAX_UPGRADE_+13; ALL_6_EXCELLENT_OPTIONS_INFERRED; MAX_ADDITIONAL_OPTION_INFERRED,RECOMMEND_REVIEW_UNCLASSIFIED,
57,UNREVIEWED,Crossbow,NOT_AVAILABLE_BLOCKED_NO_CLIENT_ASSET_ACCESS,"type=4,index=8",Bows/CrosBows,13,0,63,6,0,0,0,PERMANENT,0,0,200,1,FE,5-8,MAX_UPGRADE_+13; ALL_6_EXCELLENT_OPTIONS_INFERRED; MAX_ADDITIONAL_OPTION_INFERRED,RECOMMEND_REVIEW_UNCLASSIFIED,
58,UNREVIEWED,Golden Crossbow,NOT_AVAILABLE_BLOCKED_NO_CLIENT_ASSET_ACCESS,"type=4,index=9",Bows/CrosBows,13,0,63,6,0,0,0,PERMANENT,0,0,200,1,FE,13-19,MAX_UPGRADE_+13; ALL_6_EXCELLENT_OPTIONS_INFERRED; MAX_ADDITIONAL_OPTION_INFERRED,RECOMMEND_REVIEW_UNCLASSIFIED,
59,UNREVIEWED,Arquebus,NOT_AVAILABLE_BLOCKED_NO_CLIENT_ASSET_ACCESS,"type=4,index=10",Bows/CrosBows,13,0,63,6,0,0,0,PERMANENT,0,0,200,1,FE,22-30,MAX_UPGRADE_+13; ALL_6_EXCELLENT_OPTIONS_INFERRED; MAX_ADDITIONAL_OPTION_INFERRED,RECOMMEND_REVIEW_UNCLASSIFIED,
60,UNREVIEWED,Light Crossbow,NOT_AVAILABLE_BLOCKED_NO_CLIENT_ASSET_ACCESS,"type=4,index=11",Bows/CrosBows,13,0,63,6,0,0,0,PERMANENT,0,0,200,1,FE,35-44,MAX_UPGRADE_+13; ALL_6_EXCELLENT_OPTIONS_INFERRED; MAX_ADDITIONAL_OPTION_INFERRED,RECOMMEND_REVIEW_UNCLASSIFIED,
61,UNREVIEWED,Skull Staff,NOT_AVAILABLE_BLOCKED_NO_CLIENT_ASSET_ACCESS,"type=5,index=0",Staffs,13,0,63,6,0,0,0,PERMANENT,10000,0,0,1,DW/MG/SU,3-4,MAX_UPGRADE_+13; ALL_6_EXCELLENT_OPTIONS_INFERRED; MAX_ADDITIONAL_OPTION_INFERRED,RECOMMEND_REVIEW_UNCLASSIFIED,
62,UNREVIEWED,Angelic Staff,NOT_AVAILABLE_BLOCKED_NO_CLIENT_ASSET_ACCESS,"type=5,index=1",Staffs,13,0,63,6,0,0,0,PERMANENT,20000,0,0,1,DW/MG,10-12,MAX_UPGRADE_+13; ALL_6_EXCELLENT_OPTIONS_INFERRED; MAX_ADDITIONAL_OPTION_INFERRED,RECOMMEND_REVIEW_UNCLASSIFIED,
63,UNREVIEWED,Serpent Staff,NOT_AVAILABLE_BLOCKED_NO_CLIENT_ASSET_ACCESS,"type=5,index=2",Staffs,13,0,63,6,0,0,0,PERMANENT,30000,0,0,1,DW/MG,17-18,MAX_UPGRADE_+13; ALL_6_EXCELLENT_OPTIONS_INFERRED; MAX_ADDITIONAL_OPTION_INFERRED,RECOMMEND_REVIEW_UNCLASSIFIED,
64,UNREVIEWED,Thunder Staff,NOT_AVAILABLE_BLOCKED_NO_CLIENT_ASSET_ACCESS,"type=5,index=3",Staffs,13,0,63,6,0,0,0,PERMANENT,15000,0,0,1,DW/MG,23-25,MAX_UPGRADE_+13; ALL_6_EXCELLENT_OPTIONS_INFERRED; MAX_ADDITIONAL_OPTION_INFERRED,RECOMMEND_REVIEW_UNCLASSIFIED,
65,UNREVIEWED,Gorgon Staff,NOT_AVAILABLE_BLOCKED_NO_CLIENT_ASSET_ACCESS,"type=5,index=4",Staffs,13,0,63,6,0,0,0,PERMANENT,25000,0,0,1,DW/MG,29-32,MAX_UPGRADE_+13; ALL_6_EXCELLENT_OPTIONS_INFERRED; MAX_ADDITIONAL_OPTION_INFERRED,RECOMMEND_REVIEW_UNCLASSIFIED,
66,UNREVIEWED,Legendary Staff,NOT_AVAILABLE_BLOCKED_NO_CLIENT_ASSET_ACCESS,"type=5,index=5",Staffs,13,0,63,6,0,0,0,PERMANENT,25000,0,0,1,DW/MG,29-31,MAX_UPGRADE_+13; ALL_6_EXCELLENT_OPTIONS_INFERRED; MAX_ADDITIONAL_OPTION_INFERRED,RECOMMEND_REVIEW_UNCLASSIFIED,
67,UNREVIEWED,Staff of Resurrection,NOT_AVAILABLE_BLOCKED_NO_CLIENT_ASSET_ACCESS,"type=5,index=6",Staffs,13,0,63,6,0,0,0,PERMANENT,25000,0,0,1,DW/MG,35-39,MAX_UPGRADE_+13; ALL_6_EXCELLENT_OPTIONS_INFERRED; MAX_ADDITIONAL_OPTION_INFERRED,RECOMMEND_REVIEW_UNCLASSIFIED,
68,UNREVIEWED,Chaos Lighting Staff,NOT_AVAILABLE_BLOCKED_NO_CLIENT_ASSET_ACCESS,"type=5,index=7",Staffs,13,0,63,6,0,0,0,PERMANENT,25000,0,0,1,DW/MG,47-48,MAX_UPGRADE_+13; ALL_6_EXCELLENT_OPTIONS_INFERRED; MAX_ADDITIONAL_OPTION_INFERRED,RECOMMEND_REVIEW_UNCLASSIFIED,
69,UNREVIEWED,Staff of Destruction,NOT_AVAILABLE_BLOCKED_NO_CLIENT_ASSET_ACCESS,"type=5,index=8",Staffs,13,0,63,6,0,0,0,PERMANENT,25000,0,0,1,DW/MG,50-54,MAX_UPGRADE_+13; ALL_6_EXCELLENT_OPTIONS_INFERRED; MAX_ADDITIONAL_OPTION_INFERRED,RECOMMEND_REVIEW_UNCLASSIFIED,
70,UNREVIEWED,Dragon Soul Staff,NOT_AVAILABLE_BLOCKED_NO_CLIENT_ASSET_ACCESS,"type=5,index=9",Staffs,13,0,63,6,0,0,0,PERMANENT,25000,0,0,1,NONE_FLAGGED,46-48,MAX_UPGRADE_+13; ALL_6_EXCELLENT_OPTIONS_INFERRED; MAX_ADDITIONAL_OPTION_INFERRED,RECOMMEND_REVIEW_UNCLASSIFIED,
71,UNREVIEWED,Divine Staff of Archangel,NOT_AVAILABLE_BLOCKED_NO_CLIENT_ASSET_ACCESS,"type=5,index=10",Staffs,13,0,63,6,0,0,0,PERMANENT,25000,0,0,1,DW/MG,153-165,MAX_UPGRADE_+13; ALL_6_EXCELLENT_OPTIONS_INFERRED; MAX_ADDITIONAL_OPTION_INFERRED,RECOMMEND_REVIEW_UNCLASSIFIED,
72,UNREVIEWED,Staff of Kundun,NOT_AVAILABLE_BLOCKED_NO_CLIENT_ASSET_ACCESS,"type=5,index=11",Staffs,13,0,63,6,0,0,0,PERMANENT,25000,0,0,1,MG,51-53,MAX_UPGRADE_+13; ALL_6_EXCELLENT_OPTIONS_INFERRED; MAX_ADDITIONAL_OPTION_INFERRED,RECOMMEND_REVIEW_UNCLASSIFIED,
73,UNREVIEWED,Small Shield,NOT_AVAILABLE_BLOCKED_NO_CLIENT_ASSET_ACCESS,"type=6,index=0",Shields,13,0,63,6,0,0,0,PERMANENT,10000,0,0,1,DW/DK,N/A_NON_WEAPON_OR_UNRESOLVED,MAX_UPGRADE_+13; ALL_6_EXCELLENT_OPTIONS_INFERRED; MAX_ADDITIONAL_OPTION_INFERRED,RECOMMEND_REVIEW_UNCLASSIFIED,
74,UNREVIEWED,Horn Shield,NOT_AVAILABLE_BLOCKED_NO_CLIENT_ASSET_ACCESS,"type=6,index=1",Shields,13,0,63,6,0,0,0,PERMANENT,20000,0,0,1,DW/DK,N/A_NON_WEAPON_OR_UNRESOLVED,MAX_UPGRADE_+13; ALL_6_EXCELLENT_OPTIONS_INFERRED; MAX_ADDITIONAL_OPTION_INFERRED,RECOMMEND_REVIEW_UNCLASSIFIED,
75,UNREVIEWED,Kite Shield,NOT_AVAILABLE_BLOCKED_NO_CLIENT_ASSET_ACCESS,"type=6,index=2",Shields,13,0,63,6,0,0,0,PERMANENT,30000,0,0,1,DW/DK,N/A_NON_WEAPON_OR_UNRESOLVED,MAX_UPGRADE_+13; ALL_6_EXCELLENT_OPTIONS_INFERRED; MAX_ADDITIONAL_OPTION_INFERRED,RECOMMEND_REVIEW_UNCLASSIFIED,
76,UNREVIEWED,Elven Shield,NOT_AVAILABLE_BLOCKED_NO_CLIENT_ASSET_ACCESS,"type=6,index=3",Shields,13,0,63,6,0,0,0,PERMANENT,15000,0,0,1,NONE_FLAGGED,N/A_NON_WEAPON_OR_UNRESOLVED,MAX_UPGRADE_+13; ALL_6_EXCELLENT_OPTIONS_INFERRED; MAX_ADDITIONAL_OPTION_INFERRED,RECOMMEND_REVIEW_UNCLASSIFIED,
77,UNREVIEWED,Buckler,NOT_AVAILABLE_BLOCKED_NO_CLIENT_ASSET_ACCESS,"type=6,index=4",Shields,13,0,63,6,0,0,0,PERMANENT,25000,0,0,1,DW/DK,N/A_NON_WEAPON_OR_UNRESOLVED,MAX_UPGRADE_+13; ALL_6_EXCELLENT_OPTIONS_INFERRED; MAX_ADDITIONAL_OPTION_INFERRED,RECOMMEND_REVIEW_UNCLASSIFIED,
78,UNREVIEWED,Dragon Slayer Shield,NOT_AVAILABLE_BLOCKED_NO_CLIENT_ASSET_ACCESS,"type=6,index=5",Shields,13,0,63,6,0,0,0,PERMANENT,25000,0,0,1,DW/DK,N/A_NON_WEAPON_OR_UNRESOLVED,MAX_UPGRADE_+13; ALL_6_EXCELLENT_OPTIONS_INFERRED; MAX_ADDITIONAL_OPTION_INFERRED,RECOMMEND_REVIEW_UNCLASSIFIED,
79,UNREVIEWED,Skull Shield,NOT_AVAILABLE_BLOCKED_NO_CLIENT_ASSET_ACCESS,"type=6,index=6",Shields,13,0,63,6,0,0,0,PERMANENT,25000,0,0,1,DW/DK,N/A_NON_WEAPON_OR_UNRESOLVED,MAX_UPGRADE_+13; ALL_6_EXCELLENT_OPTIONS_INFERRED; MAX_ADDITIONAL_OPTION_INFERRED,RECOMMEND_REVIEW_UNCLASSIFIED,
80,UNREVIEWED,Spiked Shield,NOT_AVAILABLE_BLOCKED_NO_CLIENT_ASSET_ACCESS,"type=6,index=7",Shields,13,0,63,6,0,0,0,PERMANENT,25000,0,0,1,DW/DK,N/A_NON_WEAPON_OR_UNRESOLVED,MAX_UPGRADE_+13; ALL_6_EXCELLENT_OPTIONS_INFERRED; MAX_ADDITIONAL_OPTION_INFERRED,RECOMMEND_REVIEW_UNCLASSIFIED,
81,UNREVIEWED,Tower Shield,NOT_AVAILABLE_BLOCKED_NO_CLIENT_ASSET_ACCESS,"type=6,index=8",Shields,13,0,63,6,0,0,0,PERMANENT,25000,0,0,1,DW/DK,N/A_NON_WEAPON_OR_UNRESOLVED,MAX_UPGRADE_+13; ALL_6_EXCELLENT_OPTIONS_INFERRED; MAX_ADDITIONAL_OPTION_INFERRED,RECOMMEND_REVIEW_UNCLASSIFIED,
82,UNREVIEWED,Plate Shield,NOT_AVAILABLE_BLOCKED_NO_CLIENT_ASSET_ACCESS,"type=6,index=9",Shields,13,0,63,6,0,0,0,PERMANENT,25000,0,0,1,DW/DK,N/A_NON_WEAPON_OR_UNRESOLVED,MAX_UPGRADE_+13; ALL_6_EXCELLENT_OPTIONS_INFERRED; MAX_ADDITIONAL_OPTION_INFERRED,RECOMMEND_REVIEW_UNCLASSIFIED,
83,UNREVIEWED,Large Round Shield,NOT_AVAILABLE_BLOCKED_NO_CLIENT_ASSET_ACCESS,"type=6,index=10",Shields,13,0,63,6,0,0,0,PERMANENT,25000,0,0,1,DW/DK,N/A_NON_WEAPON_OR_UNRESOLVED,MAX_UPGRADE_+13; ALL_6_EXCELLENT_OPTIONS_INFERRED; MAX_ADDITIONAL_OPTION_INFERRED,RECOMMEND_REVIEW_UNCLASSIFIED,
84,UNREVIEWED,Serpent Shield,NOT_AVAILABLE_BLOCKED_NO_CLIENT_ASSET_ACCESS,"type=6,index=11",Shields,13,0,63,6,0,0,0,PERMANENT,25000,0,0,1,DW/DK,N/A_NON_WEAPON_OR_UNRESOLVED,MAX_UPGRADE_+13; ALL_6_EXCELLENT_OPTIONS_INFERRED; MAX_ADDITIONAL_OPTION_INFERRED,RECOMMEND_REVIEW_UNCLASSIFIED,
85,UNREVIEWED,Bronze Helm,NOT_AVAILABLE_BLOCKED_NO_CLIENT_ASSET_ACCESS,"type=7,index=0",Helms,13,0,63,6,0,0,0,PERMANENT,10000,0,0,1,DK,N/A_NON_WEAPON_OR_UNRESOLVED,MAX_UPGRADE_+13; ALL_6_EXCELLENT_OPTIONS_INFERRED; MAX_ADDITIONAL_OPTION_INFERRED,RECOMMEND_REVIEW_UNCLASSIFIED,
86,UNREVIEWED,Dragon Helm,NOT_AVAILABLE_BLOCKED_NO_CLIENT_ASSET_ACCESS,"type=7,index=1",Helms,13,0,63,6,0,0,0,PERMANENT,20000,0,0,1,NONE_FLAGGED,N/A_NON_WEAPON_OR_UNRESOLVED,MAX_UPGRADE_+13; ALL_6_EXCELLENT_OPTIONS_INFERRED; MAX_ADDITIONAL_OPTION_INFERRED,RECOMMEND_REVIEW_UNCLASSIFIED,
87,UNREVIEWED,Pad Helm,NOT_AVAILABLE_BLOCKED_NO_CLIENT_ASSET_ACCESS,"type=7,index=2",Helms,13,0,63,6,0,0,0,PERMANENT,30000,0,0,1,NONE_FLAGGED,N/A_NON_WEAPON_OR_UNRESOLVED,MAX_UPGRADE_+13; ALL_6_EXCELLENT_OPTIONS_INFERRED; MAX_ADDITIONAL_OPTION_INFERRED,RECOMMEND_REVIEW_UNCLASSIFIED,
88,UNREVIEWED,Legendary Helm,NOT_AVAILABLE_BLOCKED_NO_CLIENT_ASSET_ACCESS,"type=7,index=3",Helms,13,0,63,6,0,0,0,PERMANENT,15000,0,0,1,NONE_FLAGGED,N/A_NON_WEAPON_OR_UNRESOLVED,MAX_UPGRADE_+13; ALL_6_EXCELLENT_OPTIONS_INFERRED; MAX_ADDITIONAL_OPTION_INFERRED,RECOMMEND_REVIEW_UNCLASSIFIED,
89,UNREVIEWED,Bone Helm,NOT_AVAILABLE_BLOCKED_NO_CLIENT_ASSET_ACCESS,"type=7,index=4",Helms,13,0,63,6,0,0,0,PERMANENT,25000,0,0,1,NONE_FLAGGED,N/A_NON_WEAPON_OR_UNRESOLVED,MAX_UPGRADE_+13; ALL_6_EXCELLENT_OPTIONS_INFERRED; MAX_ADDITIONAL_OPTION_INFERRED,RECOMMEND_REVIEW_UNCLASSIFIED,
90,UNREVIEWED,Leather Helm,NOT_AVAILABLE_BLOCKED_NO_CLIENT_ASSET_ACCESS,"type=7,index=5",Helms,13,0,63,6,0,0,0,PERMANENT,25000,0,0,1,DK/MG,N/A_NON_WEAPON_OR_UNRESOLVED,MAX_UPGRADE_+13; ALL_6_EXCELLENT_OPTIONS_INFERRED; MAX_ADDITIONAL_OPTION_INFERRED,RECOMMEND_REVIEW_UNCLASSIFIED,
91,UNREVIEWED,Scale Helm,NOT_AVAILABLE_BLOCKED_NO_CLIENT_ASSET_ACCESS,"type=7,index=6",Helms,13,0,63,6,0,0,0,PERMANENT,25000,0,0,1,DK/MG,N/A_NON_WEAPON_OR_UNRESOLVED,MAX_UPGRADE_+13; ALL_6_EXCELLENT_OPTIONS_INFERRED; MAX_ADDITIONAL_OPTION_INFERRED,RECOMMEND_REVIEW_UNCLASSIFIED,
92,UNREVIEWED,Sphinx Mask,NOT_AVAILABLE_BLOCKED_NO_CLIENT_ASSET_ACCESS,"type=7,index=7",Helms,13,0,63,6,0,0,0,PERMANENT,25000,0,0,1,NONE_FLAGGED,N/A_NON_WEAPON_OR_UNRESOLVED,MAX_UPGRADE_+13; ALL_6_EXCELLENT_OPTIONS_INFERRED; MAX_ADDITIONAL_OPTION_INFERRED,RECOMMEND_REVIEW_UNCLASSIFIED,
93,UNREVIEWED,Brass Helm,NOT_AVAILABLE_BLOCKED_NO_CLIENT_ASSET_ACCESS,"type=7,index=8",Helms,13,0,63,6,0,0,0,PERMANENT,25000,0,0,1,MG,N/A_NON_WEAPON_OR_UNRESOLVED,MAX_UPGRADE_+13; ALL_6_EXCELLENT_OPTIONS_INFERRED; MAX_ADDITIONAL_OPTION_INFERRED,RECOMMEND_REVIEW_UNCLASSIFIED,
94,UNREVIEWED,Plate Helm,NOT_AVAILABLE_BLOCKED_NO_CLIENT_ASSET_ACCESS,"type=7,index=9",Helms,13,0,63,6,0,0,0,PERMANENT,25000,0,0,1,MG,N/A_NON_WEAPON_OR_UNRESOLVED,MAX_UPGRADE_+13; ALL_6_EXCELLENT_OPTIONS_INFERRED; MAX_ADDITIONAL_OPTION_INFERRED,RECOMMEND_REVIEW_UNCLASSIFIED,
95,UNREVIEWED,Vine Helm,NOT_AVAILABLE_BLOCKED_NO_CLIENT_ASSET_ACCESS,"type=7,index=10",Helms,13,0,63,6,0,0,0,PERMANENT,25000,0,0,1,NONE_FLAGGED,N/A_NON_WEAPON_OR_UNRESOLVED,MAX_UPGRADE_+13; ALL_6_EXCELLENT_OPTIONS_INFERRED; MAX_ADDITIONAL_OPTION_INFERRED,RECOMMEND_REVIEW_UNCLASSIFIED,
96,UNREVIEWED,Silk Helm,NOT_AVAILABLE_BLOCKED_NO_CLIENT_ASSET_ACCESS,"type=7,index=11",Helms,13,0,63,6,0,0,0,PERMANENT,25000,0,0,1,NONE_FLAGGED,N/A_NON_WEAPON_OR_UNRESOLVED,MAX_UPGRADE_+13; ALL_6_EXCELLENT_OPTIONS_INFERRED; MAX_ADDITIONAL_OPTION_INFERRED,RECOMMEND_REVIEW_UNCLASSIFIED,
97,UNREVIEWED,Bronze Armor,NOT_AVAILABLE_BLOCKED_NO_CLIENT_ASSET_ACCESS,"type=8,index=0",Armors,13,0,63,6,0,0,0,PERMANENT,10000,0,0,1,DW/DK,N/A_NON_WEAPON_OR_UNRESOLVED,MAX_UPGRADE_+13; ALL_6_EXCELLENT_OPTIONS_INFERRED; MAX_ADDITIONAL_OPTION_INFERRED,RECOMMEND_REVIEW_UNCLASSIFIED,
98,UNREVIEWED,Dragon Armor,NOT_AVAILABLE_BLOCKED_NO_CLIENT_ASSET_ACCESS,"type=8,index=1",Armors,13,0,63,6,0,0,0,PERMANENT,20000,0,0,1,DW,N/A_NON_WEAPON_OR_UNRESOLVED,MAX_UPGRADE_+13; ALL_6_EXCELLENT_OPTIONS_INFERRED; MAX_ADDITIONAL_OPTION_INFERRED,RECOMMEND_REVIEW_UNCLASSIFIED,
99,UNREVIEWED,Pad Armor,NOT_AVAILABLE_BLOCKED_NO_CLIENT_ASSET_ACCESS,"type=8,index=2",Armors,13,0,63,6,0,0,0,PERMANENT,30000,0,0,1,DW,N/A_NON_WEAPON_OR_UNRESOLVED,MAX_UPGRADE_+13; ALL_6_EXCELLENT_OPTIONS_INFERRED; MAX_ADDITIONAL_OPTION_INFERRED,RECOMMEND_REVIEW_UNCLASSIFIED,
100,UNREVIEWED,Legendary Armor,NOT_AVAILABLE_BLOCKED_NO_CLIENT_ASSET_ACCESS,"type=8,index=3",Armors,13,0,63,6,0,0,0,PERMANENT,15000,0,0,1,DW,N/A_NON_WEAPON_OR_UNRESOLVED,MAX_UPGRADE_+13; ALL_6_EXCELLENT_OPTIONS_INFERRED; MAX_ADDITIONAL_OPTION_INFERRED,RECOMMEND_REVIEW_UNCLASSIFIED,
101,UNREVIEWED,Bone Armor,NOT_AVAILABLE_BLOCKED_NO_CLIENT_ASSET_ACCESS,"type=8,index=4",Armors,13,0,63,6,0,0,0,PERMANENT,25000,0,0,1,DW,N/A_NON_WEAPON_OR_UNRESOLVED,MAX_UPGRADE_+13; ALL_6_EXCELLENT_OPTIONS_INFERRED; MAX_ADDITIONAL_OPTION_INFERRED,RECOMMEND_REVIEW_UNCLASSIFIED,
102,UNREVIEWED,Leather Armor,NOT_AVAILABLE_BLOCKED_NO_CLIENT_ASSET_ACCESS,"type=8,index=5",Armors,13,0,63,6,0,0,0,PERMANENT,25000,0,0,1,DW/DK/MG,N/A_NON_WEAPON_OR_UNRESOLVED,MAX_UPGRADE_+13; ALL_6_EXCELLENT_OPTIONS_INFERRED; MAX_ADDITIONAL_OPTION_INFERRED,RECOMMEND_REVIEW_UNCLASSIFIED,
103,UNREVIEWED,Scale Armor,NOT_AVAILABLE_BLOCKED_NO_CLIENT_ASSET_ACCESS,"type=8,index=6",Armors,13,0,63,6,0,0,0,PERMANENT,25000,0,0,1,DW/DK/MG,N/A_NON_WEAPON_OR_UNRESOLVED,MAX_UPGRADE_+13; ALL_6_EXCELLENT_OPTIONS_INFERRED; MAX_ADDITIONAL_OPTION_INFERRED,RECOMMEND_REVIEW_UNCLASSIFIED,
104,UNREVIEWED,Sphinx Armor,NOT_AVAILABLE_BLOCKED_NO_CLIENT_ASSET_ACCESS,"type=8,index=7",Armors,13,0,63,6,0,0,0,PERMANENT,25000,0,0,1,DW,N/A_NON_WEAPON_OR_UNRESOLVED,MAX_UPGRADE_+13; ALL_6_EXCELLENT_OPTIONS_INFERRED; MAX_ADDITIONAL_OPTION_INFERRED,RECOMMEND_REVIEW_UNCLASSIFIED,
105,UNREVIEWED,Brass Armor,NOT_AVAILABLE_BLOCKED_NO_CLIENT_ASSET_ACCESS,"type=8,index=8",Armors,13,0,63,6,0,0,0,PERMANENT,25000,0,0,1,DW/MG,N/A_NON_WEAPON_OR_UNRESOLVED,MAX_UPGRADE_+13; ALL_6_EXCELLENT_OPTIONS_INFERRED; MAX_ADDITIONAL_OPTION_INFERRED,RECOMMEND_REVIEW_UNCLASSIFIED,
106,UNREVIEWED,Plate Armor,NOT_AVAILABLE_BLOCKED_NO_CLIENT_ASSET_ACCESS,"type=8,index=9",Armors,13,0,63,6,0,0,0,PERMANENT,25000,0,0,1,DW/MG,N/A_NON_WEAPON_OR_UNRESOLVED,MAX_UPGRADE_+13; ALL_6_EXCELLENT_OPTIONS_INFERRED; MAX_ADDITIONAL_OPTION_INFERRED,RECOMMEND_REVIEW_UNCLASSIFIED,
107,UNREVIEWED,Vine Armor,NOT_AVAILABLE_BLOCKED_NO_CLIENT_ASSET_ACCESS,"type=8,index=10",Armors,13,0,63,6,0,0,0,PERMANENT,25000,0,0,1,NONE_FLAGGED,N/A_NON_WEAPON_OR_UNRESOLVED,MAX_UPGRADE_+13; ALL_6_EXCELLENT_OPTIONS_INFERRED; MAX_ADDITIONAL_OPTION_INFERRED,RECOMMEND_REVIEW_UNCLASSIFIED,
108,UNREVIEWED,Silk Armor,NOT_AVAILABLE_BLOCKED_NO_CLIENT_ASSET_ACCESS,"type=8,index=11",Armors,13,0,63,6,0,0,0,PERMANENT,25000,0,0,1,NONE_FLAGGED,N/A_NON_WEAPON_OR_UNRESOLVED,MAX_UPGRADE_+13; ALL_6_EXCELLENT_OPTIONS_INFERRED; MAX_ADDITIONAL_OPTION_INFERRED,RECOMMEND_REVIEW_UNCLASSIFIED,
109,UNREVIEWED,Bronze Pants,NOT_AVAILABLE_BLOCKED_NO_CLIENT_ASSET_ACCESS,"type=9,index=0",Pants,13,0,63,6,0,0,0,PERMANENT,10000,0,0,1,DW/DK,N/A_NON_WEAPON_OR_UNRESOLVED,MAX_UPGRADE_+13; ALL_6_EXCELLENT_OPTIONS_INFERRED; MAX_ADDITIONAL_OPTION_INFERRED,RECOMMEND_REVIEW_UNCLASSIFIED,
110,UNREVIEWED,Dragon Pants,NOT_AVAILABLE_BLOCKED_NO_CLIENT_ASSET_ACCESS,"type=9,index=1",Pants,13,0,63,6,0,0,0,PERMANENT,20000,0,0,1,DW,N/A_NON_WEAPON_OR_UNRESOLVED,MAX_UPGRADE_+13; ALL_6_EXCELLENT_OPTIONS_INFERRED; MAX_ADDITIONAL_OPTION_INFERRED,RECOMMEND_REVIEW_UNCLASSIFIED,
111,UNREVIEWED,Pad Pants,NOT_AVAILABLE_BLOCKED_NO_CLIENT_ASSET_ACCESS,"type=9,index=2",Pants,13,0,63,6,0,0,0,PERMANENT,30000,0,0,1,DW,N/A_NON_WEAPON_OR_UNRESOLVED,MAX_UPGRADE_+13; ALL_6_EXCELLENT_OPTIONS_INFERRED; MAX_ADDITIONAL_OPTION_INFERRED,RECOMMEND_REVIEW_UNCLASSIFIED,
112,UNREVIEWED,Legendary Pants,NOT_AVAILABLE_BLOCKED_NO_CLIENT_ASSET_ACCESS,"type=9,index=3",Pants,13,0,63,6,0,0,0,PERMANENT,15000,0,0,1,DW,N/A_NON_WEAPON_OR_UNRESOLVED,MAX_UPGRADE_+13; ALL_6_EXCELLENT_OPTIONS_INFERRED; MAX_ADDITIONAL_OPTION_INFERRED,RECOMMEND_REVIEW_UNCLASSIFIED,
113,UNREVIEWED,Bone Pants,NOT_AVAILABLE_BLOCKED_NO_CLIENT_ASSET_ACCESS,"type=9,index=4",Pants,13,0,63,6,0,0,0,PERMANENT,25000,0,0,1,DW,N/A_NON_WEAPON_OR_UNRESOLVED,MAX_UPGRADE_+13; ALL_6_EXCELLENT_OPTIONS_INFERRED; MAX_ADDITIONAL_OPTION_INFERRED,RECOMMEND_REVIEW_UNCLASSIFIED,
114,UNREVIEWED,Leather Pants,NOT_AVAILABLE_BLOCKED_NO_CLIENT_ASSET_ACCESS,"type=9,index=5",Pants,13,0,63,6,0,0,0,PERMANENT,25000,0,0,1,DW/DK/MG,N/A_NON_WEAPON_OR_UNRESOLVED,MAX_UPGRADE_+13; ALL_6_EXCELLENT_OPTIONS_INFERRED; MAX_ADDITIONAL_OPTION_INFERRED,RECOMMEND_REVIEW_UNCLASSIFIED,
115,UNREVIEWED,Scale Pants,NOT_AVAILABLE_BLOCKED_NO_CLIENT_ASSET_ACCESS,"type=9,index=6",Pants,13,0,63,6,0,0,0,PERMANENT,25000,0,0,1,DW/DK/MG,N/A_NON_WEAPON_OR_UNRESOLVED,MAX_UPGRADE_+13; ALL_6_EXCELLENT_OPTIONS_INFERRED; MAX_ADDITIONAL_OPTION_INFERRED,RECOMMEND_REVIEW_UNCLASSIFIED,
116,UNREVIEWED,Sphinx Pants,NOT_AVAILABLE_BLOCKED_NO_CLIENT_ASSET_ACCESS,"type=9,index=7",Pants,13,0,63,6,0,0,0,PERMANENT,25000,0,0,1,DW,N/A_NON_WEAPON_OR_UNRESOLVED,MAX_UPGRADE_+13; ALL_6_EXCELLENT_OPTIONS_INFERRED; MAX_ADDITIONAL_OPTION_INFERRED,RECOMMEND_REVIEW_UNCLASSIFIED,
117,UNREVIEWED,Brass Pants,NOT_AVAILABLE_BLOCKED_NO_CLIENT_ASSET_ACCESS,"type=9,index=8",Pants,13,0,63,6,0,0,0,PERMANENT,25000,0,0,1,DW/MG,N/A_NON_WEAPON_OR_UNRESOLVED,MAX_UPGRADE_+13; ALL_6_EXCELLENT_OPTIONS_INFERRED; MAX_ADDITIONAL_OPTION_INFERRED,RECOMMEND_REVIEW_UNCLASSIFIED,
118,UNREVIEWED,Plate Pants,NOT_AVAILABLE_BLOCKED_NO_CLIENT_ASSET_ACCESS,"type=9,index=9",Pants,13,0,63,6,0,0,0,PERMANENT,25000,0,0,1,DW/MG,N/A_NON_WEAPON_OR_UNRESOLVED,MAX_UPGRADE_+13; ALL_6_EXCELLENT_OPTIONS_INFERRED; MAX_ADDITIONAL_OPTION_INFERRED,RECOMMEND_REVIEW_UNCLASSIFIED,
119,UNREVIEWED,Vine Pants,NOT_AVAILABLE_BLOCKED_NO_CLIENT_ASSET_ACCESS,"type=9,index=10",Pants,13,0,63,6,0,0,0,PERMANENT,25000,0,0,1,NONE_FLAGGED,N/A_NON_WEAPON_OR_UNRESOLVED,MAX_UPGRADE_+13; ALL_6_EXCELLENT_OPTIONS_INFERRED; MAX_ADDITIONAL_OPTION_INFERRED,RECOMMEND_REVIEW_UNCLASSIFIED,
120,UNREVIEWED,Silk Pants,NOT_AVAILABLE_BLOCKED_NO_CLIENT_ASSET_ACCESS,"type=9,index=11",Pants,13,0,63,6,0,0,0,PERMANENT,25000,0,0,1,NONE_FLAGGED,N/A_NON_WEAPON_OR_UNRESOLVED,MAX_UPGRADE_+13; ALL_6_EXCELLENT_OPTIONS_INFERRED; MAX_ADDITIONAL_OPTION_INFERRED,RECOMMEND_REVIEW_UNCLASSIFIED,
121,UNREVIEWED,Bronze Gloves,NOT_AVAILABLE_BLOCKED_NO_CLIENT_ASSET_ACCESS,"type=10,index=0",Gloves,13,0,63,6,0,0,0,PERMANENT,10000,0,0,1,DW/DK,N/A_NON_WEAPON_OR_UNRESOLVED,MAX_UPGRADE_+13; ALL_6_EXCELLENT_OPTIONS_INFERRED; MAX_ADDITIONAL_OPTION_INFERRED,RECOMMEND_REVIEW_UNCLASSIFIED,
122,UNREVIEWED,Dragon Gloves,NOT_AVAILABLE_BLOCKED_NO_CLIENT_ASSET_ACCESS,"type=10,index=1",Gloves,13,0,63,6,0,0,0,PERMANENT,20000,0,0,1,DW,N/A_NON_WEAPON_OR_UNRESOLVED,MAX_UPGRADE_+13; ALL_6_EXCELLENT_OPTIONS_INFERRED; MAX_ADDITIONAL_OPTION_INFERRED,RECOMMEND_REVIEW_UNCLASSIFIED,
123,UNREVIEWED,Pad Gloves,NOT_AVAILABLE_BLOCKED_NO_CLIENT_ASSET_ACCESS,"type=10,index=2",Gloves,13,0,63,6,0,0,0,PERMANENT,30000,0,0,1,DW,N/A_NON_WEAPON_OR_UNRESOLVED,MAX_UPGRADE_+13; ALL_6_EXCELLENT_OPTIONS_INFERRED; MAX_ADDITIONAL_OPTION_INFERRED,RECOMMEND_REVIEW_UNCLASSIFIED,
124,UNREVIEWED,Legendary Gloves,NOT_AVAILABLE_BLOCKED_NO_CLIENT_ASSET_ACCESS,"type=10,index=3",Gloves,13,0,63,6,0,0,0,PERMANENT,15000,0,0,1,DW,N/A_NON_WEAPON_OR_UNRESOLVED,MAX_UPGRADE_+13; ALL_6_EXCELLENT_OPTIONS_INFERRED; MAX_ADDITIONAL_OPTION_INFERRED,RECOMMEND_REVIEW_UNCLASSIFIED,
125,UNREVIEWED,Bone Gloves,NOT_AVAILABLE_BLOCKED_NO_CLIENT_ASSET_ACCESS,"type=10,index=4",Gloves,13,0,63,6,0,0,0,PERMANENT,25000,0,0,1,DW,N/A_NON_WEAPON_OR_UNRESOLVED,MAX_UPGRADE_+13; ALL_6_EXCELLENT_OPTIONS_INFERRED; MAX_ADDITIONAL_OPTION_INFERRED,RECOMMEND_REVIEW_UNCLASSIFIED,
126,UNREVIEWED,Leather Gloves,NOT_AVAILABLE_BLOCKED_NO_CLIENT_ASSET_ACCESS,"type=10,index=5",Gloves,13,0,63,6,0,0,0,PERMANENT,25000,0,0,1,DW/DK,N/A_NON_WEAPON_OR_UNRESOLVED,MAX_UPGRADE_+13; ALL_6_EXCELLENT_OPTIONS_INFERRED; MAX_ADDITIONAL_OPTION_INFERRED,RECOMMEND_REVIEW_UNCLASSIFIED,
127,UNREVIEWED,Scale Gloves,NOT_AVAILABLE_BLOCKED_NO_CLIENT_ASSET_ACCESS,"type=10,index=6",Gloves,13,0,63,6,0,0,0,PERMANENT,25000,0,0,1,DW/DK,N/A_NON_WEAPON_OR_UNRESOLVED,MAX_UPGRADE_+13; ALL_6_EXCELLENT_OPTIONS_INFERRED; MAX_ADDITIONAL_OPTION_INFERRED,RECOMMEND_REVIEW_UNCLASSIFIED,
128,UNREVIEWED,Sphinx Gloves,NOT_AVAILABLE_BLOCKED_NO_CLIENT_ASSET_ACCESS,"type=10,index=7",Gloves,13,0,63,6,0,0,0,PERMANENT,25000,0,0,1,DW,N/A_NON_WEAPON_OR_UNRESOLVED,MAX_UPGRADE_+13; ALL_6_EXCELLENT_OPTIONS_INFERRED; MAX_ADDITIONAL_OPTION_INFERRED,RECOMMEND_REVIEW_UNCLASSIFIED,
129,UNREVIEWED,Brass Gloves,NOT_AVAILABLE_BLOCKED_NO_CLIENT_ASSET_ACCESS,"type=10,index=8",Gloves,13,0,63,6,0,0,0,PERMANENT,25000,0,0,1,DW,N/A_NON_WEAPON_OR_UNRESOLVED,MAX_UPGRADE_+13; ALL_6_EXCELLENT_OPTIONS_INFERRED; MAX_ADDITIONAL_OPTION_INFERRED,RECOMMEND_REVIEW_UNCLASSIFIED,
130,UNREVIEWED,Plate Gloves,NOT_AVAILABLE_BLOCKED_NO_CLIENT_ASSET_ACCESS,"type=10,index=9",Gloves,13,0,63,6,0,0,0,PERMANENT,25000,0,0,1,DW,N/A_NON_WEAPON_OR_UNRESOLVED,MAX_UPGRADE_+13; ALL_6_EXCELLENT_OPTIONS_INFERRED; MAX_ADDITIONAL_OPTION_INFERRED,RECOMMEND_REVIEW_UNCLASSIFIED,
131,UNREVIEWED,Vine Gloves,NOT_AVAILABLE_BLOCKED_NO_CLIENT_ASSET_ACCESS,"type=10,index=10",Gloves,13,0,63,6,0,0,0,PERMANENT,25000,0,0,1,NONE_FLAGGED,N/A_NON_WEAPON_OR_UNRESOLVED,MAX_UPGRADE_+13; ALL_6_EXCELLENT_OPTIONS_INFERRED; MAX_ADDITIONAL_OPTION_INFERRED,RECOMMEND_REVIEW_UNCLASSIFIED,
132,UNREVIEWED,Silk Gloves,NOT_AVAILABLE_BLOCKED_NO_CLIENT_ASSET_ACCESS,"type=10,index=11",Gloves,13,0,63,6,0,0,0,PERMANENT,25000,0,0,1,NONE_FLAGGED,N/A_NON_WEAPON_OR_UNRESOLVED,MAX_UPGRADE_+13; ALL_6_EXCELLENT_OPTIONS_INFERRED; MAX_ADDITIONAL_OPTION_INFERRED,RECOMMEND_REVIEW_UNCLASSIFIED,
133,UNREVIEWED,Bronze Boots,NOT_AVAILABLE_BLOCKED_NO_CLIENT_ASSET_ACCESS,"type=11,index=0",Boots,13,0,63,6,0,0,0,PERMANENT,10000,0,0,1,DW/DK,N/A_NON_WEAPON_OR_UNRESOLVED,MAX_UPGRADE_+13; ALL_6_EXCELLENT_OPTIONS_INFERRED; MAX_ADDITIONAL_OPTION_INFERRED,RECOMMEND_REVIEW_UNCLASSIFIED,
134,UNREVIEWED,Dragon Boots,NOT_AVAILABLE_BLOCKED_NO_CLIENT_ASSET_ACCESS,"type=11,index=1",Boots,13,0,63,6,0,0,0,PERMANENT,20000,0,0,1,DW,N/A_NON_WEAPON_OR_UNRESOLVED,MAX_UPGRADE_+13; ALL_6_EXCELLENT_OPTIONS_INFERRED; MAX_ADDITIONAL_OPTION_INFERRED,RECOMMEND_REVIEW_UNCLASSIFIED,
135,UNREVIEWED,Pad Boots,NOT_AVAILABLE_BLOCKED_NO_CLIENT_ASSET_ACCESS,"type=11,index=2",Boots,13,0,63,6,0,0,0,PERMANENT,30000,0,0,1,DW,N/A_NON_WEAPON_OR_UNRESOLVED,MAX_UPGRADE_+13; ALL_6_EXCELLENT_OPTIONS_INFERRED; MAX_ADDITIONAL_OPTION_INFERRED,RECOMMEND_REVIEW_UNCLASSIFIED,
136,UNREVIEWED,Legendary Boots,NOT_AVAILABLE_BLOCKED_NO_CLIENT_ASSET_ACCESS,"type=11,index=3",Boots,13,0,63,6,0,0,0,PERMANENT,15000,0,0,1,DW,N/A_NON_WEAPON_OR_UNRESOLVED,MAX_UPGRADE_+13; ALL_6_EXCELLENT_OPTIONS_INFERRED; MAX_ADDITIONAL_OPTION_INFERRED,RECOMMEND_REVIEW_UNCLASSIFIED,
137,UNREVIEWED,Bone Boots,NOT_AVAILABLE_BLOCKED_NO_CLIENT_ASSET_ACCESS,"type=11,index=4",Boots,13,0,63,6,0,0,0,PERMANENT,25000,0,0,1,DW,N/A_NON_WEAPON_OR_UNRESOLVED,MAX_UPGRADE_+13; ALL_6_EXCELLENT_OPTIONS_INFERRED; MAX_ADDITIONAL_OPTION_INFERRED,RECOMMEND_REVIEW_UNCLASSIFIED,
138,UNREVIEWED,Leather Boots,NOT_AVAILABLE_BLOCKED_NO_CLIENT_ASSET_ACCESS,"type=11,index=5",Boots,13,0,63,6,0,0,0,PERMANENT,25000,0,0,1,DW/DK/MG,N/A_NON_WEAPON_OR_UNRESOLVED,MAX_UPGRADE_+13; ALL_6_EXCELLENT_OPTIONS_INFERRED; MAX_ADDITIONAL_OPTION_INFERRED,RECOMMEND_REVIEW_UNCLASSIFIED,
139,UNREVIEWED,Scale Boots,NOT_AVAILABLE_BLOCKED_NO_CLIENT_ASSET_ACCESS,"type=11,index=6",Boots,13,0,63,6,0,0,0,PERMANENT,25000,0,0,1,DW/DK/MG,N/A_NON_WEAPON_OR_UNRESOLVED,MAX_UPGRADE_+13; ALL_6_EXCELLENT_OPTIONS_INFERRED; MAX_ADDITIONAL_OPTION_INFERRED,RECOMMEND_REVIEW_UNCLASSIFIED,
140,UNREVIEWED,Sphinx Boots,NOT_AVAILABLE_BLOCKED_NO_CLIENT_ASSET_ACCESS,"type=11,index=7",Boots,13,0,63,6,0,0,0,PERMANENT,25000,0,0,1,DW,N/A_NON_WEAPON_OR_UNRESOLVED,MAX_UPGRADE_+13; ALL_6_EXCELLENT_OPTIONS_INFERRED; MAX_ADDITIONAL_OPTION_INFERRED,RECOMMEND_REVIEW_UNCLASSIFIED,
141,UNREVIEWED,Brass Boots,NOT_AVAILABLE_BLOCKED_NO_CLIENT_ASSET_ACCESS,"type=11,index=8",Boots,13,0,63,6,0,0,0,PERMANENT,25000,0,0,1,DW/MG,N/A_NON_WEAPON_OR_UNRESOLVED,MAX_UPGRADE_+13; ALL_6_EXCELLENT_OPTIONS_INFERRED; MAX_ADDITIONAL_OPTION_INFERRED,RECOMMEND_REVIEW_UNCLASSIFIED,
142,UNREVIEWED,Plate Boots,NOT_AVAILABLE_BLOCKED_NO_CLIENT_ASSET_ACCESS,"type=11,index=9",Boots,13,0,63,6,0,0,0,PERMANENT,25000,0,0,1,DW/MG,N/A_NON_WEAPON_OR_UNRESOLVED,MAX_UPGRADE_+13; ALL_6_EXCELLENT_OPTIONS_INFERRED; MAX_ADDITIONAL_OPTION_INFERRED,RECOMMEND_REVIEW_UNCLASSIFIED,
143,UNREVIEWED,Vine Boots,NOT_AVAILABLE_BLOCKED_NO_CLIENT_ASSET_ACCESS,"type=11,index=10",Boots,13,0,63,6,0,0,0,PERMANENT,25000,0,0,1,NONE_FLAGGED,N/A_NON_WEAPON_OR_UNRESOLVED,MAX_UPGRADE_+13; ALL_6_EXCELLENT_OPTIONS_INFERRED; MAX_ADDITIONAL_OPTION_INFERRED,RECOMMEND_REVIEW_UNCLASSIFIED,
144,UNREVIEWED,Silk Boots,NOT_AVAILABLE_BLOCKED_NO_CLIENT_ASSET_ACCESS,"type=11,index=11",Boots,13,0,63,6,0,0,0,PERMANENT,25000,0,0,1,NONE_FLAGGED,N/A_NON_WEAPON_OR_UNRESOLVED,MAX_UPGRADE_+13; ALL_6_EXCELLENT_OPTIONS_INFERRED; MAX_ADDITIONAL_OPTION_INFERRED,RECOMMEND_REVIEW_UNCLASSIFIED,
145,UNREVIEWED,Wings of Elf,NOT_AVAILABLE_BLOCKED_NO_CLIENT_ASSET_ACCESS,"type=12,index=0",Wings,13,0,63,6,0,0,0,PERMANENT,10000,0,0,1,NONE_FLAGGED,N/A_NON_WEAPON_OR_UNRESOLVED,MAX_UPGRADE_+13; ALL_6_EXCELLENT_OPTIONS_INFERRED; MAX_ADDITIONAL_OPTION_INFERRED,RECOMMEND_REVIEW_UNCLASSIFIED,
146,UNREVIEWED,Wings of Heaven,NOT_AVAILABLE_BLOCKED_NO_CLIENT_ASSET_ACCESS,"type=12,index=1",Wings,13,0,63,6,0,0,0,PERMANENT,20000,0,0,1,NONE_FLAGGED,N/A_NON_WEAPON_OR_UNRESOLVED,MAX_UPGRADE_+13; ALL_6_EXCELLENT_OPTIONS_INFERRED; MAX_ADDITIONAL_OPTION_INFERRED,RECOMMEND_REVIEW_UNCLASSIFIED,
147,UNREVIEWED,Wings of Satan,NOT_AVAILABLE_BLOCKED_NO_CLIENT_ASSET_ACCESS,"type=12,index=2",Wings,13,0,63,6,0,0,0,PERMANENT,30000,0,0,1,NONE_FLAGGED,N/A_NON_WEAPON_OR_UNRESOLVED,MAX_UPGRADE_+13; ALL_6_EXCELLENT_OPTIONS_INFERRED; MAX_ADDITIONAL_OPTION_INFERRED,RECOMMEND_REVIEW_UNCLASSIFIED,
148,UNREVIEWED,Wings of Spirits,NOT_AVAILABLE_BLOCKED_NO_CLIENT_ASSET_ACCESS,"type=12,index=3",Wings,13,0,63,6,0,0,0,PERMANENT,15000,0,0,1,NONE_FLAGGED,N/A_NON_WEAPON_OR_UNRESOLVED,MAX_UPGRADE_+13; ALL_6_EXCELLENT_OPTIONS_INFERRED; MAX_ADDITIONAL_OPTION_INFERRED,RECOMMEND_REVIEW_UNCLASSIFIED,
149,UNREVIEWED,Wings of Soul,NOT_AVAILABLE_BLOCKED_NO_CLIENT_ASSET_ACCESS,"type=12,index=4",Wings,13,0,63,6,0,0,0,PERMANENT,25000,0,0,1,NONE_FLAGGED,N/A_NON_WEAPON_OR_UNRESOLVED,MAX_UPGRADE_+13; ALL_6_EXCELLENT_OPTIONS_INFERRED; MAX_ADDITIONAL_OPTION_INFERRED,RECOMMEND_REVIEW_UNCLASSIFIED,
150,UNREVIEWED,Wings of Dragon,NOT_AVAILABLE_BLOCKED_NO_CLIENT_ASSET_ACCESS,"type=12,index=5",Wings,13,0,63,6,0,0,0,PERMANENT,25000,0,0,1,NONE_FLAGGED,N/A_NON_WEAPON_OR_UNRESOLVED,MAX_UPGRADE_+13; ALL_6_EXCELLENT_OPTIONS_INFERRED; MAX_ADDITIONAL_OPTION_INFERRED,RECOMMEND_REVIEW_UNCLASSIFIED,
151,UNREVIEWED,Wings of Darkness,NOT_AVAILABLE_BLOCKED_NO_CLIENT_ASSET_ACCESS,"type=12,index=6",Wings,13,0,63,6,0,0,0,PERMANENT,25000,0,0,1,NONE_FLAGGED,N/A_NON_WEAPON_OR_UNRESOLVED,MAX_UPGRADE_+13; ALL_6_EXCELLENT_OPTIONS_INFERRED; MAX_ADDITIONAL_OPTION_INFERRED,RECOMMEND_REVIEW_UNCLASSIFIED,
152,UNREVIEWED,Wing of Storm,NOT_AVAILABLE_BLOCKED_NO_CLIENT_ASSET_ACCESS,"type=12,index=36",Wings,13,0,63,6,0,0,0,PERMANENT,25000,0,0,1,NONE_FLAGGED,N/A_NON_WEAPON_OR_UNRESOLVED,MAX_UPGRADE_+13; ALL_6_EXCELLENT_OPTIONS_INFERRED; MAX_ADDITIONAL_OPTION_INFERRED,RECOMMEND_REVIEW_UNCLASSIFIED,
153,UNREVIEWED,Wing of Eternal,NOT_AVAILABLE_BLOCKED_NO_CLIENT_ASSET_ACCESS,"type=12,index=37",Wings,13,0,63,6,0,0,0,PERMANENT,25000,0,0,1,NONE_FLAGGED,N/A_NON_WEAPON_OR_UNRESOLVED,MAX_UPGRADE_+13; ALL_6_EXCELLENT_OPTIONS_INFERRED; MAX_ADDITIONAL_OPTION_INFERRED,RECOMMEND_REVIEW_UNCLASSIFIED,
154,UNREVIEWED,Wing of Illusion,NOT_AVAILABLE_BLOCKED_NO_CLIENT_ASSET_ACCESS,"type=12,index=38",Wings,13,0,63,6,0,0,0,PERMANENT,25000,0,0,1,NONE_FLAGGED,N/A_NON_WEAPON_OR_UNRESOLVED,MAX_UPGRADE_+13; ALL_6_EXCELLENT_OPTIONS_INFERRED; MAX_ADDITIONAL_OPTION_INFERRED,RECOMMEND_REVIEW_UNCLASSIFIED,
155,UNREVIEWED,Wing of Ruin,NOT_AVAILABLE_BLOCKED_NO_CLIENT_ASSET_ACCESS,"type=12,index=39",Wings,13,0,63,6,0,0,0,PERMANENT,25000,0,0,1,NONE_FLAGGED,N/A_NON_WEAPON_OR_UNRESOLVED,MAX_UPGRADE_+13; ALL_6_EXCELLENT_OPTIONS_INFERRED; MAX_ADDITIONAL_OPTION_INFERRED,RECOMMEND_REVIEW_UNCLASSIFIED,
156,UNREVIEWED,Cape of Emperor,NOT_AVAILABLE_BLOCKED_NO_CLIENT_ASSET_ACCESS,"type=12,index=40",Wings,13,0,63,6,0,0,0,PERMANENT,25000,0,0,1,NONE_FLAGGED,N/A_NON_WEAPON_OR_UNRESOLVED,MAX_UPGRADE_+13; ALL_6_EXCELLENT_OPTIONS_INFERRED; MAX_ADDITIONAL_OPTION_INFERRED,RECOMMEND_REVIEW_UNCLASSIFIED,
157,UNREVIEWED,Ring of Ice,NOT_AVAILABLE_BLOCKED_NO_CLIENT_ASSET_ACCESS,"type=13,index=8",Pets/Rings/Pendents,13,0,63,6,0,0,0,PERMANENT,10000,0,0,1,DW/DK/FE,N/A_NON_WEAPON_OR_UNRESOLVED,MAX_UPGRADE_+13; ALL_6_EXCELLENT_OPTIONS_INFERRED; MAX_ADDITIONAL_OPTION_INFERRED,RECOMMEND_REVIEW_UNCLASSIFIED,
158,UNREVIEWED,Ring of Poison,NOT_AVAILABLE_BLOCKED_NO_CLIENT_ASSET_ACCESS,"type=13,index=9",Pets/Rings/Pendents,13,0,63,6,0,0,0,PERMANENT,20000,0,0,1,DW/DK/FE,N/A_NON_WEAPON_OR_UNRESOLVED,MAX_UPGRADE_+13; ALL_6_EXCELLENT_OPTIONS_INFERRED; MAX_ADDITIONAL_OPTION_INFERRED,RECOMMEND_REVIEW_UNCLASSIFIED,
159,UNREVIEWED,Ring of Fire,NOT_AVAILABLE_BLOCKED_NO_CLIENT_ASSET_ACCESS,"type=13,index=21",Pets/Rings/Pendents,13,0,63,6,0,0,0,PERMANENT,30000,0,0,1,DW/DK/FE,N/A_NON_WEAPON_OR_UNRESOLVED,MAX_UPGRADE_+13; ALL_6_EXCELLENT_OPTIONS_INFERRED; MAX_ADDITIONAL_OPTION_INFERRED,RECOMMEND_REVIEW_UNCLASSIFIED,
160,UNREVIEWED,Ring of Earth,NOT_AVAILABLE_BLOCKED_NO_CLIENT_ASSET_ACCESS,"type=13,index=22",Pets/Rings/Pendents,13,0,63,6,0,0,0,PERMANENT,15000,0,0,1,DW/DK/FE,N/A_NON_WEAPON_OR_UNRESOLVED,MAX_UPGRADE_+13; ALL_6_EXCELLENT_OPTIONS_INFERRED; MAX_ADDITIONAL_OPTION_INFERRED,RECOMMEND_REVIEW_UNCLASSIFIED,
161,UNREVIEWED,Ring of Wind,NOT_AVAILABLE_BLOCKED_NO_CLIENT_ASSET_ACCESS,"type=13,index=23",Pets/Rings/Pendents,13,1,63,6,0,0,0,PERMANENT,25000,0,0,1,DW/DK/FE,N/A_NON_WEAPON_OR_UNRESOLVED,MAX_UPGRADE_+13; ALL_6_EXCELLENT_OPTIONS_INFERRED; MAX_ADDITIONAL_OPTION_INFERRED; LOW_REQ_LEVEL_STARTER_TIER,RECOMMEND_LOW_RISK_STARTER_TIER_CANDIDATE_KEEP,
162,UNREVIEWED,Ring of Magic,NOT_AVAILABLE_BLOCKED_NO_CLIENT_ASSET_ACCESS,"type=13,index=24",Pets/Rings/Pendents,13,0,63,6,0,0,0,PERMANENT,25000,0,0,1,DW/DK/FE,N/A_NON_WEAPON_OR_UNRESOLVED,MAX_UPGRADE_+13; ALL_6_EXCELLENT_OPTIONS_INFERRED; MAX_ADDITIONAL_OPTION_INFERRED,RECOMMEND_REVIEW_UNCLASSIFIED,
163,UNREVIEWED,Pendant of Lighting,NOT_AVAILABLE_BLOCKED_NO_CLIENT_ASSET_ACCESS,"type=13,index=12",Pets/Rings/Pendents,13,0,63,6,0,0,0,PERMANENT,25000,0,0,1,DW/DK/FE,N/A_NON_WEAPON_OR_UNRESOLVED,MAX_UPGRADE_+13; ALL_6_EXCELLENT_OPTIONS_INFERRED; MAX_ADDITIONAL_OPTION_INFERRED,RECOMMEND_REVIEW_UNCLASSIFIED,
164,UNREVIEWED,Pendant of Fire,NOT_AVAILABLE_BLOCKED_NO_CLIENT_ASSET_ACCESS,"type=13,index=13",Pets/Rings/Pendents,13,0,63,6,0,0,0,PERMANENT,25000,0,0,1,DW/DK/FE,N/A_NON_WEAPON_OR_UNRESOLVED,MAX_UPGRADE_+13; ALL_6_EXCELLENT_OPTIONS_INFERRED; MAX_ADDITIONAL_OPTION_INFERRED,RECOMMEND_REVIEW_UNCLASSIFIED,
165,UNREVIEWED,Pendant of Ice,NOT_AVAILABLE_BLOCKED_NO_CLIENT_ASSET_ACCESS,"type=13,index=25",Pets/Rings/Pendents,13,0,63,6,0,0,0,PERMANENT,25000,0,0,1,DW/DK/FE,N/A_NON_WEAPON_OR_UNRESOLVED,MAX_UPGRADE_+13; ALL_6_EXCELLENT_OPTIONS_INFERRED; MAX_ADDITIONAL_OPTION_INFERRED,RECOMMEND_REVIEW_UNCLASSIFIED,
166,UNREVIEWED,Pendant of Wind,NOT_AVAILABLE_BLOCKED_NO_CLIENT_ASSET_ACCESS,"type=13,index=26",Pets/Rings/Pendents,13,1,63,6,0,0,0,PERMANENT,25000,0,0,1,DW/DK/FE,N/A_NON_WEAPON_OR_UNRESOLVED,MAX_UPGRADE_+13; ALL_6_EXCELLENT_OPTIONS_INFERRED; MAX_ADDITIONAL_OPTION_INFERRED; LOW_REQ_LEVEL_STARTER_TIER,RECOMMEND_LOW_RISK_STARTER_TIER_CANDIDATE_KEEP,
167,UNREVIEWED,Pendant of Water,NOT_AVAILABLE_BLOCKED_NO_CLIENT_ASSET_ACCESS,"type=13,index=27",Pets/Rings/Pendents,13,0,63,6,0,0,0,PERMANENT,25000,0,0,1,DW/DK/FE,N/A_NON_WEAPON_OR_UNRESOLVED,MAX_UPGRADE_+13; ALL_6_EXCELLENT_OPTIONS_INFERRED; MAX_ADDITIONAL_OPTION_INFERRED,RECOMMEND_REVIEW_UNCLASSIFIED,
168,UNREVIEWED,Pendant of Ability,NOT_AVAILABLE_BLOCKED_NO_CLIENT_ASSET_ACCESS,"type=13,index=28",Pets/Rings/Pendents,13,0,63,6,0,0,0,PERMANENT,25000,0,0,1,DW/DK/FE,N/A_NON_WEAPON_OR_UNRESOLVED,MAX_UPGRADE_+13; ALL_6_EXCELLENT_OPTIONS_INFERRED; MAX_ADDITIONAL_OPTION_INFERRED,RECOMMEND_REVIEW_UNCLASSIFIED,
