ID,GROUP,CATEGORY,ITEM,TECHNICAL_ID,CURRENT_PRICE,DURATION,KEY_OPTIONS,POWER_IMPACT,PRELIMINARY_CLASSIFICATION,REASON,DATA_CONFIDENCE,BRYAN_DECISION
1,GROUP 1 -- Weapons,Swords,Kris,"type=0,index=0",WCoinC=10000 / WCoinP=0 / GoblinPoint=0,60 days (rental),+13 upgrade; 6/6 excellent options (inferred); Ancient/Set=0; Harmony=0; Socket=0,HIGH_INFERRED,RED_INCOMPATIBLE_WITH_CURRENT_POLICY,"Ships at +13 upgrade with all 6 excellent options simultaneously active (ItemNewOption=63) -- a combination essentially unobtainable through normal play at any request-level bracket. This stat package is itself ""exclusive best-in-slot gear""/""a progression destination unavailable to F2P players"" under current policy, independent of which specific base weapon it wraps.",CONFIRMED_RAW_DATA_INFERRED_INTERPRETATION,PENDING
2,GROUP 1 -- Weapons,Swords,Short Sword,"type=0,index=1",WCoinC=20000 / WCoinP=0 / GoblinPoint=0,60 days (rental),+13 upgrade; 6/6 excellent options (inferred); Ancient/Set=0; Harmony=0; Socket=0,HIGH_INFERRED,RED_INCOMPATIBLE_WITH_CURRENT_POLICY,"Ships at +13 upgrade with all 6 excellent options simultaneously active (ItemNewOption=63) -- a combination essentially unobtainable through normal play at any request-level bracket. This stat package is itself ""exclusive best-in-slot gear""/""a progression destination unavailable to F2P players"" under current policy, independent of which specific base weapon it wraps.",CONFIRMED_RAW_DATA_INFERRED_INTERPRETATION,PENDING
3,GROUP 1 -- Weapons,Swords,Rapier,"type=0,index=2",WCoinC=30000 / WCoinP=0 / GoblinPoint=0,60 days (rental),+13 upgrade; 6/6 excellent options (inferred); Ancient/Set=0; Harmony=0; Socket=0,HIGH_INFERRED,RED_INCOMPATIBLE_WITH_CURRENT_POLICY,"Ships at +13 upgrade with all 6 excellent options simultaneously active (ItemNewOption=63) -- a combination essentially unobtainable through normal play at any request-level bracket. This stat package is itself ""exclusive best-in-slot gear""/""a progression destination unavailable to F2P players"" under current policy, independent of which specific base weapon it wraps.",CONFIRMED_RAW_DATA_INFERRED_INTERPRETATION,PENDING
4,GROUP 1 -- Weapons,Swords,Katana,"type=0,index=3",WCoinC=500 / WCoinP=200 / GoblinPoint=60,60 days (rental),+13 upgrade; 6/6 excellent options (inferred); Ancient/Set=0; Harmony=0; Socket=0,HIGH_INFERRED,RED_INCOMPATIBLE_WITH_CURRENT_POLICY,"Ships at +13 upgrade with all 6 excellent options simultaneously active (ItemNewOption=63) -- a combination essentially unobtainable through normal play at any request-level bracket. This stat package is itself ""exclusive best-in-slot gear""/""a progression destination unavailable to F2P players"" under current policy, independent of which specific base weapon it wraps.",CONFIRMED_RAW_DATA_INFERRED_INTERPRETATION,PENDING
5,GROUP 1 -- Weapons,Swords,Sword of Assassin,"type=0,index=4",WCoinC=25000 / WCoinP=0 / GoblinPoint=0,60 days (rental),+13 upgrade; 6/6 excellent options (inferred); Ancient/Set=0; Harmony=0; Socket=0,HIGH_INFERRED,RED_INCOMPATIBLE_WITH_CURRENT_POLICY,"Ships at +13 upgrade with all 6 excellent options simultaneously active (ItemNewOption=63) -- a combination essentially unobtainable through normal play at any request-level bracket. This stat package is itself ""exclusive best-in-slot gear""/""a progression destination unavailable to F2P players"" under current policy, independent of which specific base weapon it wraps.",CONFIRMED_RAW_DATA_INFERRED_INTERPRETATION,PENDING
6,GROUP 1 -- Weapons,Swords,Blade,"type=0,index=5",WCoinC=25000 / WCoinP=0 / GoblinPoint=0,60 days (rental),+13 upgrade; 6/6 excellent options (inferred); Ancient/Set=0; Harmony=0; Socket=0,HIGH_INFERRED,RED_INCOMPATIBLE_WITH_CURRENT_POLICY,"Ships at +13 upgrade with all 6 excellent options simultaneously active (ItemNewOption=63) -- a combination essentially unobtainable through normal play at any request-level bracket. This stat package is itself ""exclusive best-in-slot gear""/""a progression destination unavailable to F2P players"" under current policy, independent of which specific base weapon it wraps.",CONFIRMED_RAW_DATA_INFERRED_INTERPRETATION,PENDING
7,GROUP 1 -- Weapons,Swords,Gladius,"type=0,index=6",WCoinC=25000 / WCoinP=0 / GoblinPoint=0,60 days (rental),+13 upgrade; 6/6 excellent options (inferred); Ancient/Set=0; Harmony=0; Socket=0,HIGH_INFERRED,RED_INCOMPATIBLE_WITH_CURRENT_POLICY,"Ships at +13 upgrade with all 6 excellent options simultaneously active (ItemNewOption=63) -- a combination essentially unobtainable through normal play at any request-level bracket. This stat package is itself ""exclusive best-in-slot gear""/""a progression destination unavailable to F2P players"" under current policy, independent of which specific base weapon it wraps.",CONFIRMED_RAW_DATA_INFERRED_INTERPRETATION,PENDING
8,GROUP 1 -- Weapons,Swords,Falchion,"type=0,index=7",WCoinC=25000 / WCoinP=0 / GoblinPoint=0,60 days (rental),+13 upgrade; 6/6 excellent options (inferred); Ancient/Set=0; Harmony=0; Socket=0,HIGH_INFERRED,RED_INCOMPATIBLE_WITH_CURRENT_POLICY,"Ships at +13 upgrade with all 6 excellent options simultaneously active (ItemNewOption=63) -- a combination essentially unobtainable through normal play at any request-level bracket. This stat package is itself ""exclusive best-in-slot gear""/""a progression destination unavailable to F2P players"" under current policy, independent of which specific base weapon it wraps.",CONFIRMED_RAW_DATA_INFERRED_INTERPRETATION,PENDING
9,GROUP 1 -- Weapons,Swords,Serpent Sword,"type=0,index=8",WCoinC=25000 / WCoinP=0 / GoblinPoint=0,60 days (rental),+13 upgrade; 6/6 excellent options (inferred); Ancient/Set=0; Harmony=0; Socket=0,HIGH_INFERRED,RED_INCOMPATIBLE_WITH_CURRENT_POLICY,"Ships at +13 upgrade with all 6 excellent options simultaneously active (ItemNewOption=63) -- a combination essentially unobtainable through normal play at any request-level bracket. This stat package is itself ""exclusive best-in-slot gear""/""a progression destination unavailable to F2P players"" under current policy, independent of which specific base weapon it wraps.",CONFIRMED_RAW_DATA_INFERRED_INTERPRETATION,PENDING
10,GROUP 1 -- Weapons,Swords,Sword of Salamander,"type=0,index=9",WCoinC=25000 / WCoinP=0 / GoblinPoint=0,60 days (rental),+13 upgrade; 6/6 excellent options (inferred); Ancient/Set=0; Harmony=0; Socket=0,HIGH_INFERRED,RED_INCOMPATIBLE_WITH_CURRENT_POLICY,"Ships at +13 upgrade with all 6 excellent options simultaneously active (ItemNewOption=63) -- a combination essentially unobtainable through normal play at any request-level bracket. This stat package is itself ""exclusive best-in-slot gear""/""a progression destination unavailable to F2P players"" under current policy, independent of which specific base weapon it wraps.",CONFIRMED_RAW_DATA_INFERRED_INTERPRETATION,PENDING
11,GROUP 1 -- Weapons,Swords,Light Saber,"type=0,index=10",WCoinC=25000 / WCoinP=0 / GoblinPoint=0,60 days (rental),+13 upgrade; 6/6 excellent options (inferred); Ancient/Set=0; Harmony=0; Socket=0,HIGH_INFERRED,RED_INCOMPATIBLE_WITH_CURRENT_POLICY,"Ships at +13 upgrade with all 6 excellent options simultaneously active (ItemNewOption=63) -- a combination essentially unobtainable through normal play at any request-level bracket. This stat package is itself ""exclusive best-in-slot gear""/""a progression destination unavailable to F2P players"" under current policy, independent of which specific base weapon it wraps.",CONFIRMED_RAW_DATA_INFERRED_INTERPRETATION,PENDING
12,GROUP 1 -- Weapons,Swords,Legendary Sword,"type=0,index=11",WCoinC=25000 / WCoinP=0 / GoblinPoint=0,60 days (rental),+13 upgrade; 6/6 excellent options (inferred); Ancient/Set=0; Harmony=0; Socket=0,HIGH_INFERRED,RED_INCOMPATIBLE_WITH_CURRENT_POLICY,"Ships at +13 upgrade with all 6 excellent options simultaneously active (ItemNewOption=63) -- a combination essentially unobtainable through normal play at any request-level bracket. This stat package is itself ""exclusive best-in-slot gear""/""a progression destination unavailable to F2P players"" under current policy, independent of which specific base weapon it wraps.",CONFIRMED_RAW_DATA_INFERRED_INTERPRETATION,PENDING
13,GROUP 1 -- Weapons,Axes,Small Axe,"type=1,index=0",WCoinC=10000 / WCoinP=50 / GoblinPoint=0,Permanent,+13 upgrade; 6/6 excellent options (inferred); Ancient/Set=0; Harmony=0; Socket=0,HIGH_INFERRED,RED_INCOMPATIBLE_WITH_CURRENT_POLICY,"Ships at +13 upgrade with all 6 excellent options simultaneously active (ItemNewOption=63) -- a combination essentially unobtainable through normal play at any request-level bracket. This stat package is itself ""exclusive best-in-slot gear""/""a progression destination unavailable to F2P players"" under current policy, independent of which specific base weapon it wraps.",CONFIRMED_RAW_DATA_INFERRED_INTERPRETATION,PENDING
14,GROUP 1 -- Weapons,Axes,Hand Axe,"type=1,index=1",WCoinC=20000 / WCoinP=50 / GoblinPoint=0,Permanent,+13 upgrade; 6/6 excellent options (inferred); Ancient/Set=0; Harmony=0; Socket=0,HIGH_INFERRED,RED_INCOMPATIBLE_WITH_CURRENT_POLICY,"Ships at +13 upgrade with all 6 excellent options simultaneously active (ItemNewOption=63) -- a combination essentially unobtainable through normal play at any request-level bracket. This stat package is itself ""exclusive best-in-slot gear""/""a progression destination unavailable to F2P players"" under current policy, independent of which specific base weapon it wraps.",CONFIRMED_RAW_DATA_INFERRED_INTERPRETATION,PENDING
15,GROUP 1 -- Weapons,Axes,Double Axe,"type=1,index=2",WCoinC=30000 / WCoinP=50 / GoblinPoint=0,Permanent,+13 upgrade; 6/6 excellent options (inferred); Ancient/Set=0; Harmony=0; Socket=0,HIGH_INFERRED,RED_INCOMPATIBLE_WITH_CURRENT_POLICY,"Ships at +13 upgrade with all 6 excellent options simultaneously active (ItemNewOption=63) -- a combination essentially unobtainable through normal play at any request-level bracket. This stat package is itself ""exclusive best-in-slot gear""/""a progression destination unavailable to F2P players"" under current policy, independent of which specific base weapon it wraps.",CONFIRMED_RAW_DATA_INFERRED_INTERPRETATION,PENDING
16,GROUP 1 -- Weapons,Axes,Tomahawk,"type=1,index=3",WCoinC=15000 / WCoinP=50 / GoblinPoint=0,Permanent,+13 upgrade; 6/6 excellent options (inferred); Ancient/Set=0; Harmony=0; Socket=0,HIGH_INFERRED,RED_INCOMPATIBLE_WITH_CURRENT_POLICY,"Ships at +13 upgrade with all 6 excellent options simultaneously active (ItemNewOption=63) -- a combination essentially unobtainable through normal play at any request-level bracket. This stat package is itself ""exclusive best-in-slot gear""/""a progression destination unavailable to F2P players"" under current policy, independent of which specific base weapon it wraps.",CONFIRMED_RAW_DATA_INFERRED_INTERPRETATION,PENDING
17,GROUP 1 -- Weapons,Axes,Elven Axe,"type=1,index=4",WCoinC=25000 / WCoinP=50 / GoblinPoint=0,Permanent,+13 upgrade; 6/6 excellent options (inferred); Ancient/Set=0; Harmony=0; Socket=0,HIGH_INFERRED,RED_INCOMPATIBLE_WITH_CURRENT_POLICY,"Ships at +13 upgrade with all 6 excellent options simultaneously active (ItemNewOption=63) -- a combination essentially unobtainable through normal play at any request-level bracket. This stat package is itself ""exclusive best-in-slot gear""/""a progression destination unavailable to F2P players"" under current policy, independent of which specific base weapon it wraps.",CONFIRMED_RAW_DATA_INFERRED_INTERPRETATION,PENDING
18,GROUP 1 -- Weapons,Axes,Battle Axe,"type=1,index=5",WCoinC=25000 / WCoinP=50 / GoblinPoint=0,Permanent,+13 upgrade; 6/6 excellent options (inferred); Ancient/Set=0; Harmony=0; Socket=0,HIGH_INFERRED,RED_INCOMPATIBLE_WITH_CURRENT_POLICY,"Ships at +13 upgrade with all 6 excellent options simultaneously active (ItemNewOption=63) -- a combination essentially unobtainable through normal play at any request-level bracket. This stat package is itself ""exclusive best-in-slot gear""/""a progression destination unavailable to F2P players"" under current policy, independent of which specific base weapon it wraps.",CONFIRMED_RAW_DATA_INFERRED_INTERPRETATION,PENDING
19,GROUP 1 -- Weapons,Axes,Nikea Axe,"type=1,index=6",WCoinC=25000 / WCoinP=50 / GoblinPoint=0,Permanent,+13 upgrade; 6/6 excellent options (inferred); Ancient/Set=0; Harmony=0; Socket=0,HIGH_INFERRED,RED_INCOMPATIBLE_WITH_CURRENT_POLICY,"Ships at +13 upgrade with all 6 excellent options simultaneously active (ItemNewOption=63) -- a combination essentially unobtainable through normal play at any request-level bracket. This stat package is itself ""exclusive best-in-slot gear""/""a progression destination unavailable to F2P players"" under current policy, independent of which specific base weapon it wraps.",CONFIRMED_RAW_DATA_INFERRED_INTERPRETATION,PENDING
20,GROUP 1 -- Weapons,Axes,Larkan Axe,"type=1,index=7",WCoinC=25000 / WCoinP=50 / GoblinPoint=0,Permanent,+13 upgrade; 6/6 excellent options (inferred); Ancient/Set=0; Harmony=0; Socket=0,HIGH_INFERRED,RED_INCOMPATIBLE_WITH_CURRENT_POLICY,"Ships at +13 upgrade with all 6 excellent options simultaneously active (ItemNewOption=63) -- a combination essentially unobtainable through normal play at any request-level bracket. This stat package is itself ""exclusive best-in-slot gear""/""a progression destination unavailable to F2P players"" under current policy, independent of which specific base weapon it wraps.",CONFIRMED_RAW_DATA_INFERRED_INTERPRETATION,PENDING
21,GROUP 1 -- Weapons,Axes,Crescent Axe,"type=1,index=8",WCoinC=25000 / WCoinP=50 / GoblinPoint=0,Permanent,+13 upgrade; 6/6 excellent options (inferred); Ancient/Set=0; Harmony=0; Socket=0,HIGH_INFERRED,RED_INCOMPATIBLE_WITH_CURRENT_POLICY,"Ships at +13 upgrade with all 6 excellent options simultaneously active (ItemNewOption=63) -- a combination essentially unobtainable through normal play at any request-level bracket. This stat package is itself ""exclusive best-in-slot gear""/""a progression destination unavailable to F2P players"" under current policy, independent of which specific base weapon it wraps.",CONFIRMED_RAW_DATA_INFERRED_INTERPRETATION,PENDING
22,GROUP 10 -- Unknown / data gaps,Axes,NOT_AVAILABLE,"type=1,index=9",WCoinC=25000 / WCoinP=50 / GoblinPoint=0,Permanent,N/A -- item unresolved,POWER_IMPACT_UNKNOWN,UNKNOWN_DATA_GAP,"No corresponding Item.txt row exists for this ItemType/ItemIndex (re-confirmed via a fresh CustomXShop.txt + Item.txt download this phase) -- item identity itself is unresolved, so no power/commercial call can be made.",UNKNOWN_DATA_GAP,PENDING
23,GROUP 10 -- Unknown / data gaps,Axes,NOT_AVAILABLE,"type=1,index=10",WCoinC=25000 / WCoinP=50 / GoblinPoint=0,Permanent,N/A -- item unresolved,POWER_IMPACT_UNKNOWN,UNKNOWN_DATA_GAP,"No corresponding Item.txt row exists for this ItemType/ItemIndex (re-confirmed via a fresh CustomXShop.txt + Item.txt download this phase) -- item identity itself is unresolved, so no power/commercial call can be made.",UNKNOWN_DATA_GAP,PENDING
24,GROUP 10 -- Unknown / data gaps,Axes,NOT_AVAILABLE,"type=1,index=11",WCoinC=25000 / WCoinP=50 / GoblinPoint=0,Permanent,N/A -- item unresolved,POWER_IMPACT_UNKNOWN,UNKNOWN_DATA_GAP,"No corresponding Item.txt row exists for this ItemType/ItemIndex (re-confirmed via a fresh CustomXShop.txt + Item.txt download this phase) -- item identity itself is unresolved, so no power/commercial call can be made.",UNKNOWN_DATA_GAP,PENDING
25,GROUP 1 -- Weapons,Scepters,Mace,"type=2,index=0",WCoinC=10000 / WCoinP=30 / GoblinPoint=10,Permanent,+13 upgrade; 6/6 excellent options (inferred); Ancient/Set=0; Harmony=0; Socket=0,HIGH_INFERRED,RED_INCOMPATIBLE_WITH_CURRENT_POLICY,"Ships at +13 upgrade with all 6 excellent options simultaneously active (ItemNewOption=63) -- a combination essentially unobtainable through normal play at any request-level bracket. This stat package is itself ""exclusive best-in-slot gear""/""a progression destination unavailable to F2P players"" under current policy, independent of which specific base weapon it wraps.",CONFIRMED_RAW_DATA_INFERRED_INTERPRETATION,PENDING
26,GROUP 1 -- Weapons,Scepters,Morning Star,"type=2,index=1",WCoinC=20000 / WCoinP=30 / GoblinPoint=10,Permanent,+13 upgrade; 6/6 excellent options (inferred); Ancient/Set=0; Harmony=0; Socket=0,HIGH_INFERRED,RED_INCOMPATIBLE_WITH_CURRENT_POLICY,"Ships at +13 upgrade with all 6 excellent options simultaneously active (ItemNewOption=63) -- a combination essentially unobtainable through normal play at any request-level bracket. This stat package is itself ""exclusive best-in-slot gear""/""a progression destination unavailable to F2P players"" under current policy, independent of which specific base weapon it wraps.",CONFIRMED_RAW_DATA_INFERRED_INTERPRETATION,PENDING
27,GROUP 1 -- Weapons,Scepters,Flail,"type=2,index=2",WCoinC=30000 / WCoinP=30 / GoblinPoint=10,Permanent,+13 upgrade; 6/6 excellent options (inferred); Ancient/Set=0; Harmony=0; Socket=0,HIGH_INFERRED,RED_INCOMPATIBLE_WITH_CURRENT_POLICY,"Ships at +13 upgrade with all 6 excellent options simultaneously active (ItemNewOption=63) -- a combination essentially unobtainable through normal play at any request-level bracket. This stat package is itself ""exclusive best-in-slot gear""/""a progression destination unavailable to F2P players"" under current policy, independent of which specific base weapon it wraps.",CONFIRMED_RAW_DATA_INFERRED_INTERPRETATION,PENDING
28,GROUP 1 -- Weapons,Scepters,Great Hammer,"type=2,index=3",WCoinC=15000 / WCoinP=30 / GoblinPoint=10,Permanent,+13 upgrade; 6/6 excellent options (inferred); Ancient/Set=0; Harmony=0; Socket=0,HIGH_INFERRED,RED_INCOMPATIBLE_WITH_CURRENT_POLICY,"Ships at +13 upgrade with all 6 excellent options simultaneously active (ItemNewOption=63) -- a combination essentially unobtainable through normal play at any request-level bracket. This stat package is itself ""exclusive best-in-slot gear""/""a progression destination unavailable to F2P players"" under current policy, independent of which specific base weapon it wraps.",CONFIRMED_RAW_DATA_INFERRED_INTERPRETATION,PENDING
29,GROUP 1 -- Weapons,Scepters,Crystal Morning Star,"type=2,index=4",WCoinC=25000 / WCoinP=30 / GoblinPoint=10,Permanent,+13 upgrade; 6/6 excellent options (inferred); Ancient/Set=0; Harmony=0; Socket=0,HIGH_INFERRED,RED_INCOMPATIBLE_WITH_CURRENT_POLICY,"Ships at +13 upgrade with all 6 excellent options simultaneously active (ItemNewOption=63) -- a combination essentially unobtainable through normal play at any request-level bracket. This stat package is itself ""exclusive best-in-slot gear""/""a progression destination unavailable to F2P players"" under current policy, independent of which specific base weapon it wraps.",CONFIRMED_RAW_DATA_INFERRED_INTERPRETATION,PENDING
30,GROUP 1 -- Weapons,Scepters,Crystal Sword,"type=2,index=5",WCoinC=25000 / WCoinP=30 / GoblinPoint=10,Permanent,+13 upgrade; 6/6 excellent options (inferred); Ancient/Set=0; Harmony=0; Socket=0,HIGH_INFERRED,RED_INCOMPATIBLE_WITH_CURRENT_POLICY,"Ships at +13 upgrade with all 6 excellent options simultaneously active (ItemNewOption=63) -- a combination essentially unobtainable through normal play at any request-level bracket. This stat package is itself ""exclusive best-in-slot gear""/""a progression destination unavailable to F2P players"" under current policy, independent of which specific base weapon it wraps.",CONFIRMED_RAW_DATA_INFERRED_INTERPRETATION,PENDING
31,GROUP 1 -- Weapons,Scepters,Chaos Dragon Axe,"type=2,index=6",WCoinC=25000 / WCoinP=30 / GoblinPoint=10,Permanent,+13 upgrade; 6/6 excellent options (inferred); Ancient/Set=0; Harmony=0; Socket=0,HIGH_INFERRED,RED_INCOMPATIBLE_WITH_CURRENT_POLICY,"Ships at +13 upgrade with all 6 excellent options simultaneously active (ItemNewOption=63) -- a combination essentially unobtainable through normal play at any request-level bracket. This stat package is itself ""exclusive best-in-slot gear""/""a progression destination unavailable to F2P players"" under current policy, independent of which specific base weapon it wraps.",CONFIRMED_RAW_DATA_INFERRED_INTERPRETATION,PENDING
32,GROUP 1 -- Weapons,Scepters,Elemental Mace,"type=2,index=7",WCoinC=25000 / WCoinP=30 / GoblinPoint=10,Permanent,+13 upgrade; 6/6 excellent options (inferred); Ancient/Set=0; Harmony=0; Socket=0,HIGH_INFERRED,RED_INCOMPATIBLE_WITH_CURRENT_POLICY,"Ships at +13 upgrade with all 6 excellent options simultaneously active (ItemNewOption=63) -- a combination essentially unobtainable through normal play at any request-level bracket. This stat package is itself ""exclusive best-in-slot gear""/""a progression destination unavailable to F2P players"" under current policy, independent of which specific base weapon it wraps.",CONFIRMED_RAW_DATA_INFERRED_INTERPRETATION,PENDING
33,GROUP 1 -- Weapons,Scepters,Battle Scepter,"type=2,index=8",WCoinC=25000 / WCoinP=30 / GoblinPoint=10,Permanent,+13 upgrade; 6/6 excellent options (inferred); Ancient/Set=0; Harmony=0; Socket=0,HIGH_INFERRED,RED_INCOMPATIBLE_WITH_CURRENT_POLICY,"Ships at +13 upgrade with all 6 excellent options simultaneously active (ItemNewOption=63) -- a combination essentially unobtainable through normal play at any request-level bracket. This stat package is itself ""exclusive best-in-slot gear""/""a progression destination unavailable to F2P players"" under current policy, independent of which specific base weapon it wraps.",CONFIRMED_RAW_DATA_INFERRED_INTERPRETATION,PENDING
34,GROUP 1 -- Weapons,Scepters,Master Scepter,"type=2,index=9",WCoinC=25000 / WCoinP=30 / GoblinPoint=10,Permanent,+13 upgrade; 6/6 excellent options (inferred); Ancient/Set=0; Harmony=0; Socket=0,HIGH_INFERRED,RED_INCOMPATIBLE_WITH_CURRENT_POLICY,"Ships at +13 upgrade with all 6 excellent options simultaneously active (ItemNewOption=63) -- a combination essentially unobtainable through normal play at any request-level bracket. This stat package is itself ""exclusive best-in-slot gear""/""a progression destination unavailable to F2P players"" under current policy, independent of which specific base weapon it wraps.",CONFIRMED_RAW_DATA_INFERRED_INTERPRETATION,PENDING
35,GROUP 1 -- Weapons,Scepters,Great Scepter,"type=2,index=10",WCoinC=25000 / WCoinP=30 / GoblinPoint=10,Permanent,+13 upgrade; 6/6 excellent options (inferred); Ancient/Set=0; Harmony=0; Socket=0,HIGH_INFERRED,RED_INCOMPATIBLE_WITH_CURRENT_POLICY,"Ships at +13 upgrade with all 6 excellent options simultaneously active (ItemNewOption=63) -- a combination essentially unobtainable through normal play at any request-level bracket. This stat package is itself ""exclusive best-in-slot gear""/""a progression destination unavailable to F2P players"" under current policy, independent of which specific base weapon it wraps.",CONFIRMED_RAW_DATA_INFERRED_INTERPRETATION,PENDING
36,GROUP 1 -- Weapons,Scepters,Lord Scepter,"type=2,index=11",WCoinC=25000 / WCoinP=30 / GoblinPoint=10,Permanent,+13 upgrade; 6/6 excellent options (inferred); Ancient/Set=0; Harmony=0; Socket=0,HIGH_INFERRED,RED_INCOMPATIBLE_WITH_CURRENT_POLICY,"Ships at +13 upgrade with all 6 excellent options simultaneously active (ItemNewOption=63) -- a combination essentially unobtainable through normal play at any request-level bracket. This stat package is itself ""exclusive best-in-slot gear""/""a progression destination unavailable to F2P players"" under current policy, independent of which specific base weapon it wraps.",CONFIRMED_RAW_DATA_INFERRED_INTERPRETATION,PENDING
37,GROUP 1 -- Weapons,Spears,Light Spear,"type=3,index=0",WCoinC=0 / WCoinP=100 / GoblinPoint=0,Permanent,+13 upgrade; 6/6 excellent options (inferred); Ancient/Set=0; Harmony=0; Socket=0,HIGH_INFERRED,RED_INCOMPATIBLE_WITH_CURRENT_POLICY,"Ships at +13 upgrade with all 6 excellent options simultaneously active (ItemNewOption=63) -- a combination essentially unobtainable through normal play at any request-level bracket. This stat package is itself ""exclusive best-in-slot gear""/""a progression destination unavailable to F2P players"" under current policy, independent of which specific base weapon it wraps.",CONFIRMED_RAW_DATA_INFERRED_INTERPRETATION,PENDING
38,GROUP 1 -- Weapons,Spears,Spear,"type=3,index=1",WCoinC=0 / WCoinP=100 / GoblinPoint=0,Permanent,+13 upgrade; 6/6 excellent options (inferred); Ancient/Set=0; Harmony=0; Socket=0,HIGH_INFERRED,RED_INCOMPATIBLE_WITH_CURRENT_POLICY,"Ships at +13 upgrade with all 6 excellent options simultaneously active (ItemNewOption=63) -- a combination essentially unobtainable through normal play at any request-level bracket. This stat package is itself ""exclusive best-in-slot gear""/""a progression destination unavailable to F2P players"" under current policy, independent of which specific base weapon it wraps.",CONFIRMED_RAW_DATA_INFERRED_INTERPRETATION,PENDING
39,GROUP 1 -- Weapons,Spears,Dragon Lance,"type=3,index=2",WCoinC=0 / WCoinP=100 / GoblinPoint=0,Permanent,+13 upgrade; 6/6 excellent options (inferred); Ancient/Set=0; Harmony=0; Socket=0,HIGH_INFERRED,RED_INCOMPATIBLE_WITH_CURRENT_POLICY,"Ships at +13 upgrade with all 6 excellent options simultaneously active (ItemNewOption=63) -- a combination essentially unobtainable through normal play at any request-level bracket. This stat package is itself ""exclusive best-in-slot gear""/""a progression destination unavailable to F2P players"" under current policy, independent of which specific base weapon it wraps.",CONFIRMED_RAW_DATA_INFERRED_INTERPRETATION,PENDING
40,GROUP 1 -- Weapons,Spears,Giant Trident,"type=3,index=3",WCoinC=0 / WCoinP=100 / GoblinPoint=0,Permanent,+13 upgrade; 6/6 excellent options (inferred); Ancient/Set=0; Harmony=0; Socket=0,HIGH_INFERRED,RED_INCOMPATIBLE_WITH_CURRENT_POLICY,"Ships at +13 upgrade with all 6 excellent options simultaneously active (ItemNewOption=63) -- a combination essentially unobtainable through normal play at any request-level bracket. This stat package is itself ""exclusive best-in-slot gear""/""a progression destination unavailable to F2P players"" under current policy, independent of which specific base weapon it wraps.",CONFIRMED_RAW_DATA_INFERRED_INTERPRETATION,PENDING
41,GROUP 1 -- Weapons,Spears,Serpent Spear,"type=3,index=4",WCoinC=0 / WCoinP=100 / GoblinPoint=0,Permanent,+13 upgrade; 6/6 excellent options (inferred); Ancient/Set=0; Harmony=0; Socket=0,HIGH_INFERRED,RED_INCOMPATIBLE_WITH_CURRENT_POLICY,"Ships at +13 upgrade with all 6 excellent options simultaneously active (ItemNewOption=63) -- a combination essentially unobtainable through normal play at any request-level bracket. This stat package is itself ""exclusive best-in-slot gear""/""a progression destination unavailable to F2P players"" under current policy, independent of which specific base weapon it wraps.",CONFIRMED_RAW_DATA_INFERRED_INTERPRETATION,PENDING
42,GROUP 1 -- Weapons,Spears,Double Poleaxe,"type=3,index=5",WCoinC=0 / WCoinP=100 / GoblinPoint=0,Permanent,+13 upgrade; 6/6 excellent options (inferred); Ancient/Set=0; Harmony=0; Socket=0,HIGH_INFERRED,RED_INCOMPATIBLE_WITH_CURRENT_POLICY,"Ships at +13 upgrade with all 6 excellent options simultaneously active (ItemNewOption=63) -- a combination essentially unobtainable through normal play at any request-level bracket. This stat package is itself ""exclusive best-in-slot gear""/""a progression destination unavailable to F2P players"" under current policy, independent of which specific base weapon it wraps.",CONFIRMED_RAW_DATA_INFERRED_INTERPRETATION,PENDING
43,GROUP 1 -- Weapons,Spears,Halberd,"type=3,index=6",WCoinC=0 / WCoinP=100 / GoblinPoint=0,Permanent,+13 upgrade; 6/6 excellent options (inferred); Ancient/Set=0; Harmony=0; Socket=0,HIGH_INFERRED,RED_INCOMPATIBLE_WITH_CURRENT_POLICY,"Ships at +13 upgrade with all 6 excellent options simultaneously active (ItemNewOption=63) -- a combination essentially unobtainable through normal play at any request-level bracket. This stat package is itself ""exclusive best-in-slot gear""/""a progression destination unavailable to F2P players"" under current policy, independent of which specific base weapon it wraps.",CONFIRMED_RAW_DATA_INFERRED_INTERPRETATION,PENDING
44,GROUP 1 -- Weapons,Spears,Berdysh,"type=3,index=7",WCoinC=0 / WCoinP=100 / GoblinPoint=0,Permanent,+13 upgrade; 6/6 excellent options (inferred); Ancient/Set=0; Harmony=0; Socket=0,HIGH_INFERRED,RED_INCOMPATIBLE_WITH_CURRENT_POLICY,"Ships at +13 upgrade with all 6 excellent options simultaneously active (ItemNewOption=63) -- a combination essentially unobtainable through normal play at any request-level bracket. This stat package is itself ""exclusive best-in-slot gear""/""a progression destination unavailable to F2P players"" under current policy, independent of which specific base weapon it wraps.",CONFIRMED_RAW_DATA_INFERRED_INTERPRETATION,PENDING
45,GROUP 1 -- Weapons,Spears,Great Scythe,"type=3,index=8",WCoinC=0 / WCoinP=100 / GoblinPoint=0,Permanent,+13 upgrade; 6/6 excellent options (inferred); Ancient/Set=0; Harmony=0; Socket=0,HIGH_INFERRED,RED_INCOMPATIBLE_WITH_CURRENT_POLICY,"Ships at +13 upgrade with all 6 excellent options simultaneously active (ItemNewOption=63) -- a combination essentially unobtainable through normal play at any request-level bracket. This stat package is itself ""exclusive best-in-slot gear""/""a progression destination unavailable to F2P players"" under current policy, independent of which specific base weapon it wraps.",CONFIRMED_RAW_DATA_INFERRED_INTERPRETATION,PENDING
46,GROUP 1 -- Weapons,Spears,Bill of Balrog,"type=3,index=9",WCoinC=0 / WCoinP=100 / GoblinPoint=0,Permanent,+13 upgrade; 6/6 excellent options (inferred); Ancient/Set=0; Harmony=0; Socket=0,HIGH_INFERRED,RED_INCOMPATIBLE_WITH_CURRENT_POLICY,"Ships at +13 upgrade with all 6 excellent options simultaneously active (ItemNewOption=63) -- a combination essentially unobtainable through normal play at any request-level bracket. This stat package is itself ""exclusive best-in-slot gear""/""a progression destination unavailable to F2P players"" under current policy, independent of which specific base weapon it wraps.",CONFIRMED_RAW_DATA_INFERRED_INTERPRETATION,PENDING
47,GROUP 1 -- Weapons,Spears,Dragon Spear,"type=3,index=10",WCoinC=0 / WCoinP=100 / GoblinPoint=0,Permanent,+13 upgrade; 6/6 excellent options (inferred); Ancient/Set=0; Harmony=0; Socket=0,HIGH_INFERRED,RED_INCOMPATIBLE_WITH_CURRENT_POLICY,"Ships at +13 upgrade with all 6 excellent options simultaneously active (ItemNewOption=63) -- a combination essentially unobtainable through normal play at any request-level bracket. This stat package is itself ""exclusive best-in-slot gear""/""a progression destination unavailable to F2P players"" under current policy, independent of which specific base weapon it wraps.",CONFIRMED_RAW_DATA_INFERRED_INTERPRETATION,PENDING
48,GROUP 1 -- Weapons,Spears,Brova,"type=3,index=11",WCoinC=0 / WCoinP=100 / GoblinPoint=0,Permanent,+13 upgrade; 6/6 excellent options (inferred); Ancient/Set=0; Harmony=0; Socket=0,HIGH_INFERRED,RED_INCOMPATIBLE_WITH_CURRENT_POLICY,"Ships at +13 upgrade with all 6 excellent options simultaneously active (ItemNewOption=63) -- a combination essentially unobtainable through normal play at any request-level bracket. This stat package is itself ""exclusive best-in-slot gear""/""a progression destination unavailable to F2P players"" under current policy, independent of which specific base weapon it wraps.",CONFIRMED_RAW_DATA_INFERRED_INTERPRETATION,PENDING
49,GROUP 1 -- Weapons,Bows/CrosBows,Short Bow,"type=4,index=0",WCoinC=0 / WCoinP=0 / GoblinPoint=200,Permanent,+13 upgrade; 6/6 excellent options (inferred); Ancient/Set=0; Harmony=0; Socket=0,HIGH_INFERRED,RED_INCOMPATIBLE_WITH_CURRENT_POLICY,"Ships at +13 upgrade with all 6 excellent options simultaneously active (ItemNewOption=63) -- a combination essentially unobtainable through normal play at any request-level bracket. This stat package is itself ""exclusive best-in-slot gear""/""a progression destination unavailable to F2P players"" under current policy, independent of which specific base weapon it wraps.",CONFIRMED_RAW_DATA_INFERRED_INTERPRETATION,PENDING
50,GROUP 1 -- Weapons,Bows/CrosBows,Bow,"type=4,index=1",WCoinC=0 / WCoinP=0 / GoblinPoint=200,Permanent,+13 upgrade; 6/6 excellent options (inferred); Ancient/Set=0; Harmony=0; Socket=0,HIGH_INFERRED,RED_INCOMPATIBLE_WITH_CURRENT_POLICY,"Ships at +13 upgrade with all 6 excellent options simultaneously active (ItemNewOption=63) -- a combination essentially unobtainable through normal play at any request-level bracket. This stat package is itself ""exclusive best-in-slot gear""/""a progression destination unavailable to F2P players"" under current policy, independent of which specific base weapon it wraps.",CONFIRMED_RAW_DATA_INFERRED_INTERPRETATION,PENDING
51,GROUP 1 -- Weapons,Bows/CrosBows,Elven Bow,"type=4,index=2",WCoinC=0 / WCoinP=0 / GoblinPoint=200,Permanent,+13 upgrade; 6/6 excellent options (inferred); Ancient/Set=0; Harmony=0; Socket=0,HIGH_INFERRED,RED_INCOMPATIBLE_WITH_CURRENT_POLICY,"Ships at +13 upgrade with all 6 excellent options simultaneously active (ItemNewOption=63) -- a combination essentially unobtainable through normal play at any request-level bracket. This stat package is itself ""exclusive best-in-slot gear""/""a progression destination unavailable to F2P players"" under current policy, independent of which specific base weapon it wraps.",CONFIRMED_RAW_DATA_INFERRED_INTERPRETATION,PENDING
52,GROUP 1 -- Weapons,Bows/CrosBows,Battle Bow,"type=4,index=3",WCoinC=0 / WCoinP=0 / GoblinPoint=200,Permanent,+13 upgrade; 6/6 excellent options (inferred); Ancient/Set=0; Harmony=0; Socket=0,HIGH_INFERRED,RED_INCOMPATIBLE_WITH_CURRENT_POLICY,"Ships at +13 upgrade with all 6 excellent options simultaneously active (ItemNewOption=63) -- a combination essentially unobtainable through normal play at any request-level bracket. This stat package is itself ""exclusive best-in-slot gear""/""a progression destination unavailable to F2P players"" under current policy, independent of which specific base weapon it wraps.",CONFIRMED_RAW_DATA_INFERRED_INTERPRETATION,PENDING
53,GROUP 1 -- Weapons,Bows/CrosBows,Tiger Bow,"type=4,index=4",WCoinC=0 / WCoinP=0 / GoblinPoint=200,Permanent,+13 upgrade; 6/6 excellent options (inferred); Ancient/Set=0; Harmony=0; Socket=0,HIGH_INFERRED,RED_INCOMPATIBLE_WITH_CURRENT_POLICY,"Ships at +13 upgrade with all 6 excellent options simultaneously active (ItemNewOption=63) -- a combination essentially unobtainable through normal play at any request-level bracket. This stat package is itself ""exclusive best-in-slot gear""/""a progression destination unavailable to F2P players"" under current policy, independent of which specific base weapon it wraps.",CONFIRMED_RAW_DATA_INFERRED_INTERPRETATION,PENDING
54,GROUP 1 -- Weapons,Bows/CrosBows,Silver Bow,"type=4,index=5",WCoinC=0 / WCoinP=0 / GoblinPoint=200,Permanent,+13 upgrade; 6/6 excellent options (inferred); Ancient/Set=0; Harmony=0; Socket=0,HIGH_INFERRED,RED_INCOMPATIBLE_WITH_CURRENT_POLICY,"Ships at +13 upgrade with all 6 excellent options simultaneously active (ItemNewOption=63) -- a combination essentially unobtainable through normal play at any request-level bracket. This stat package is itself ""exclusive best-in-slot gear""/""a progression destination unavailable to F2P players"" under current policy, independent of which specific base weapon it wraps.",CONFIRMED_RAW_DATA_INFERRED_INTERPRETATION,PENDING
55,GROUP 1 -- Weapons,Bows/CrosBows,Chaos Nature Bow,"type=4,index=6",WCoinC=0 / WCoinP=0 / GoblinPoint=200,Permanent,+13 upgrade; 6/6 excellent options (inferred); Ancient/Set=0; Harmony=0; Socket=0,HIGH_INFERRED,RED_INCOMPATIBLE_WITH_CURRENT_POLICY,"Ships at +13 upgrade with all 6 excellent options simultaneously active (ItemNewOption=63) -- a combination essentially unobtainable through normal play at any request-level bracket. This stat package is itself ""exclusive best-in-slot gear""/""a progression destination unavailable to F2P players"" under current policy, independent of which specific base weapon it wraps.",CONFIRMED_RAW_DATA_INFERRED_INTERPRETATION,PENDING
56,GROUP 1 -- Weapons,Bows/CrosBows,Bolt,"type=4,index=7",WCoinC=0 / WCoinP=0 / GoblinPoint=200,Permanent,+13 upgrade; 6/6 excellent options (inferred); Ancient/Set=0; Harmony=0; Socket=0,HIGH_INFERRED,RED_INCOMPATIBLE_WITH_CURRENT_POLICY,"Ships at +13 upgrade with all 6 excellent options simultaneously active (ItemNewOption=63) -- a combination essentially unobtainable through normal play at any request-level bracket. This stat package is itself ""exclusive best-in-slot gear""/""a progression destination unavailable to F2P players"" under current policy, independent of which specific base weapon it wraps.",CONFIRMED_RAW_DATA_INFERRED_INTERPRETATION,PENDING
57,GROUP 1 -- Weapons,Bows/CrosBows,Crossbow,"type=4,index=8",WCoinC=0 / WCoinP=0 / GoblinPoint=200,Permanent,+13 upgrade; 6/6 excellent options (inferred); Ancient/Set=0; Harmony=0; Socket=0,HIGH_INFERRED,RED_INCOMPATIBLE_WITH_CURRENT_POLICY,"Ships at +13 upgrade with all 6 excellent options simultaneously active (ItemNewOption=63) -- a combination essentially unobtainable through normal play at any request-level bracket. This stat package is itself ""exclusive best-in-slot gear""/""a progression destination unavailable to F2P players"" under current policy, independent of which specific base weapon it wraps.",CONFIRMED_RAW_DATA_INFERRED_INTERPRETATION,PENDING
58,GROUP 1 -- Weapons,Bows/CrosBows,Golden Crossbow,"type=4,index=9",WCoinC=0 / WCoinP=0 / GoblinPoint=200,Permanent,+13 upgrade; 6/6 excellent options (inferred); Ancient/Set=0; Harmony=0; Socket=0,HIGH_INFERRED,RED_INCOMPATIBLE_WITH_CURRENT_POLICY,"Ships at +13 upgrade with all 6 excellent options simultaneously active (ItemNewOption=63) -- a combination essentially unobtainable through normal play at any request-level bracket. This stat package is itself ""exclusive best-in-slot gear""/""a progression destination unavailable to F2P players"" under current policy, independent of which specific base weapon it wraps.",CONFIRMED_RAW_DATA_INFERRED_INTERPRETATION,PENDING
59,GROUP 1 -- Weapons,Bows/CrosBows,Arquebus,"type=4,index=10",WCoinC=0 / WCoinP=0 / GoblinPoint=200,Permanent,+13 upgrade; 6/6 excellent options (inferred); Ancient/Set=0; Harmony=0; Socket=0,HIGH_INFERRED,RED_INCOMPATIBLE_WITH_CURRENT_POLICY,"Ships at +13 upgrade with all 6 excellent options simultaneously active (ItemNewOption=63) -- a combination essentially unobtainable through normal play at any request-level bracket. This stat package is itself ""exclusive best-in-slot gear""/""a progression destination unavailable to F2P players"" under current policy, independent of which specific base weapon it wraps.",CONFIRMED_RAW_DATA_INFERRED_INTERPRETATION,PENDING
60,GROUP 1 -- Weapons,Bows/CrosBows,Light Crossbow,"type=4,index=11",WCoinC=0 / WCoinP=0 / GoblinPoint=200,Permanent,+13 upgrade; 6/6 excellent options (inferred); Ancient/Set=0; Harmony=0; Socket=0,HIGH_INFERRED,RED_INCOMPATIBLE_WITH_CURRENT_POLICY,"Ships at +13 upgrade with all 6 excellent options simultaneously active (ItemNewOption=63) -- a combination essentially unobtainable through normal play at any request-level bracket. This stat package is itself ""exclusive best-in-slot gear""/""a progression destination unavailable to F2P players"" under current policy, independent of which specific base weapon it wraps.",CONFIRMED_RAW_DATA_INFERRED_INTERPRETATION,PENDING
61,GROUP 1 -- Weapons,Staffs,Skull Staff,"type=5,index=0",WCoinC=10000 / WCoinP=0 / GoblinPoint=0,Permanent,+13 upgrade; 6/6 excellent options (inferred); Ancient/Set=0; Harmony=0; Socket=0,HIGH_INFERRED,RED_INCOMPATIBLE_WITH_CURRENT_POLICY,"Ships at +13 upgrade with all 6 excellent options simultaneously active (ItemNewOption=63) -- a combination essentially unobtainable through normal play at any request-level bracket. This stat package is itself ""exclusive best-in-slot gear""/""a progression destination unavailable to F2P players"" under current policy, independent of which specific base weapon it wraps.",CONFIRMED_RAW_DATA_INFERRED_INTERPRETATION,PENDING
62,GROUP 1 -- Weapons,Staffs,Angelic Staff,"type=5,index=1",WCoinC=20000 / WCoinP=0 / GoblinPoint=0,Permanent,+13 upgrade; 6/6 excellent options (inferred); Ancient/Set=0; Harmony=0; Socket=0,HIGH_INFERRED,RED_INCOMPATIBLE_WITH_CURRENT_POLICY,"Ships at +13 upgrade with all 6 excellent options simultaneously active (ItemNewOption=63) -- a combination essentially unobtainable through normal play at any request-level bracket. This stat package is itself ""exclusive best-in-slot gear""/""a progression destination unavailable to F2P players"" under current policy, independent of which specific base weapon it wraps.",CONFIRMED_RAW_DATA_INFERRED_INTERPRETATION,PENDING
63,GROUP 1 -- Weapons,Staffs,Serpent Staff,"type=5,index=2",WCoinC=30000 / WCoinP=0 / GoblinPoint=0,Permanent,+13 upgrade; 6/6 excellent options (inferred); Ancient/Set=0; Harmony=0; Socket=0,HIGH_INFERRED,RED_INCOMPATIBLE_WITH_CURRENT_POLICY,"Ships at +13 upgrade with all 6 excellent options simultaneously active (ItemNewOption=63) -- a combination essentially unobtainable through normal play at any request-level bracket. This stat package is itself ""exclusive best-in-slot gear""/""a progression destination unavailable to F2P players"" under current policy, independent of which specific base weapon it wraps.",CONFIRMED_RAW_DATA_INFERRED_INTERPRETATION,PENDING
64,GROUP 1 -- Weapons,Staffs,Thunder Staff,"type=5,index=3",WCoinC=15000 / WCoinP=0 / GoblinPoint=0,Permanent,+13 upgrade; 6/6 excellent options (inferred); Ancient/Set=0; Harmony=0; Socket=0,HIGH_INFERRED,RED_INCOMPATIBLE_WITH_CURRENT_POLICY,"Ships at +13 upgrade with all 6 excellent options simultaneously active (ItemNewOption=63) -- a combination essentially unobtainable through normal play at any request-level bracket. This stat package is itself ""exclusive best-in-slot gear""/""a progression destination unavailable to F2P players"" under current policy, independent of which specific base weapon it wraps.",CONFIRMED_RAW_DATA_INFERRED_INTERPRETATION,PENDING
65,GROUP 1 -- Weapons,Staffs,Gorgon Staff,"type=5,index=4",WCoinC=25000 / WCoinP=0 / GoblinPoint=0,Permanent,+13 upgrade; 6/6 excellent options (inferred); Ancient/Set=0; Harmony=0; Socket=0,HIGH_INFERRED,RED_INCOMPATIBLE_WITH_CURRENT_POLICY,"Ships at +13 upgrade with all 6 excellent options simultaneously active (ItemNewOption=63) -- a combination essentially unobtainable through normal play at any request-level bracket. This stat package is itself ""exclusive best-in-slot gear""/""a progression destination unavailable to F2P players"" under current policy, independent of which specific base weapon it wraps.",CONFIRMED_RAW_DATA_INFERRED_INTERPRETATION,PENDING
66,GROUP 1 -- Weapons,Staffs,Legendary Staff,"type=5,index=5",WCoinC=25000 / WCoinP=0 / GoblinPoint=0,Permanent,+13 upgrade; 6/6 excellent options (inferred); Ancient/Set=0; Harmony=0; Socket=0,HIGH_INFERRED,RED_INCOMPATIBLE_WITH_CURRENT_POLICY,"Ships at +13 upgrade with all 6 excellent options simultaneously active (ItemNewOption=63) -- a combination essentially unobtainable through normal play at any request-level bracket. This stat package is itself ""exclusive best-in-slot gear""/""a progression destination unavailable to F2P players"" under current policy, independent of which specific base weapon it wraps.",CONFIRMED_RAW_DATA_INFERRED_INTERPRETATION,PENDING
67,GROUP 1 -- Weapons,Staffs,Staff of Resurrection,"type=5,index=6",WCoinC=25000 / WCoinP=0 / GoblinPoint=0,Permanent,+13 upgrade; 6/6 excellent options (inferred); Ancient/Set=0; Harmony=0; Socket=0,HIGH_INFERRED,RED_INCOMPATIBLE_WITH_CURRENT_POLICY,"Ships at +13 upgrade with all 6 excellent options simultaneously active (ItemNewOption=63) -- a combination essentially unobtainable through normal play at any request-level bracket. This stat package is itself ""exclusive best-in-slot gear""/""a progression destination unavailable to F2P players"" under current policy, independent of which specific base weapon it wraps.",CONFIRMED_RAW_DATA_INFERRED_INTERPRETATION,PENDING
68,GROUP 1 -- Weapons,Staffs,Chaos Lighting Staff,"type=5,index=7",WCoinC=25000 / WCoinP=0 / GoblinPoint=0,Permanent,+13 upgrade; 6/6 excellent options (inferred); Ancient/Set=0; Harmony=0; Socket=0,HIGH_INFERRED,RED_INCOMPATIBLE_WITH_CURRENT_POLICY,"Ships at +13 upgrade with all 6 excellent options simultaneously active (ItemNewOption=63) -- a combination essentially unobtainable through normal play at any request-level bracket. This stat package is itself ""exclusive best-in-slot gear""/""a progression destination unavailable to F2P players"" under current policy, independent of which specific base weapon it wraps.",CONFIRMED_RAW_DATA_INFERRED_INTERPRETATION,PENDING
69,GROUP 1 -- Weapons,Staffs,Staff of Destruction,"type=5,index=8",WCoinC=25000 / WCoinP=0 / GoblinPoint=0,Permanent,+13 upgrade; 6/6 excellent options (inferred); Ancient/Set=0; Harmony=0; Socket=0,HIGH_INFERRED,RED_INCOMPATIBLE_WITH_CURRENT_POLICY,"Ships at +13 upgrade with all 6 excellent options simultaneously active (ItemNewOption=63) -- a combination essentially unobtainable through normal play at any request-level bracket. This stat package is itself ""exclusive best-in-slot gear""/""a progression destination unavailable to F2P players"" under current policy, independent of which specific base weapon it wraps.",CONFIRMED_RAW_DATA_INFERRED_INTERPRETATION,PENDING
70,GROUP 1 -- Weapons,Staffs,Dragon Soul Staff,"type=5,index=9",WCoinC=25000 / WCoinP=0 / GoblinPoint=0,Permanent,+13 upgrade; 6/6 excellent options (inferred); Ancient/Set=0; Harmony=0; Socket=0,HIGH_INFERRED,RED_INCOMPATIBLE_WITH_CURRENT_POLICY,"Ships at +13 upgrade with all 6 excellent options simultaneously active (ItemNewOption=63) -- a combination essentially unobtainable through normal play at any request-level bracket. This stat package is itself ""exclusive best-in-slot gear""/""a progression destination unavailable to F2P players"" under current policy, independent of which specific base weapon it wraps.",CONFIRMED_RAW_DATA_INFERRED_INTERPRETATION,PENDING
71,GROUP 1 -- Weapons,Staffs,Divine Staff of Archangel,"type=5,index=10",WCoinC=25000 / WCoinP=0 / GoblinPoint=0,Permanent,+13 upgrade; 6/6 excellent options (inferred); Ancient/Set=0; Harmony=0; Socket=0,HIGH_INFERRED,RED_INCOMPATIBLE_WITH_CURRENT_POLICY,"Ships at +13 upgrade with all 6 excellent options simultaneously active (ItemNewOption=63) -- a combination essentially unobtainable through normal play at any request-level bracket. This stat package is itself ""exclusive best-in-slot gear""/""a progression destination unavailable to F2P players"" under current policy, independent of which specific base weapon it wraps.",CONFIRMED_RAW_DATA_INFERRED_INTERPRETATION,PENDING
72,GROUP 1 -- Weapons,Staffs,Staff of Kundun,"type=5,index=11",WCoinC=25000 / WCoinP=0 / GoblinPoint=0,Permanent,+13 upgrade; 6/6 excellent options (inferred); Ancient/Set=0; Harmony=0; Socket=0,HIGH_INFERRED,RED_INCOMPATIBLE_WITH_CURRENT_POLICY,"Ships at +13 upgrade with all 6 excellent options simultaneously active (ItemNewOption=63) -- a combination essentially unobtainable through normal play at any request-level bracket. This stat package is itself ""exclusive best-in-slot gear""/""a progression destination unavailable to F2P players"" under current policy, independent of which specific base weapon it wraps.",CONFIRMED_RAW_DATA_INFERRED_INTERPRETATION,PENDING
73,GROUP 2 -- Armor / Sets,Shields,Small Shield,"type=6,index=0",WCoinC=10000 / WCoinP=0 / GoblinPoint=0,Permanent,+13 upgrade; 6/6 excellent options (inferred); Ancient/Set=0; Harmony=0; Socket=0,HIGH_INFERRED,RED_INCOMPATIBLE_WITH_CURRENT_POLICY,"Same +13/all-6-excellent stat package as Group 1, applied to defense-slot gear. Six armor-slot categories (Shields/Helms/Armors/Pants/Gloves/Boots) would form complete +13/full-excellent sets if sold together.",CONFIRMED_RAW_DATA_INFERRED_INTERPRETATION,PENDING
74,GROUP 2 -- Armor / Sets,Shields,Horn Shield,"type=6,index=1",WCoinC=20000 / WCoinP=0 / GoblinPoint=0,Permanent,+13 upgrade; 6/6 excellent options (inferred); Ancient/Set=0; Harmony=0; Socket=0,HIGH_INFERRED,RED_INCOMPATIBLE_WITH_CURRENT_POLICY,"Same +13/all-6-excellent stat package as Group 1, applied to defense-slot gear. Six armor-slot categories (Shields/Helms/Armors/Pants/Gloves/Boots) would form complete +13/full-excellent sets if sold together.",CONFIRMED_RAW_DATA_INFERRED_INTERPRETATION,PENDING
75,GROUP 2 -- Armor / Sets,Shields,Kite Shield,"type=6,index=2",WCoinC=30000 / WCoinP=0 / GoblinPoint=0,Permanent,+13 upgrade; 6/6 excellent options (inferred); Ancient/Set=0; Harmony=0; Socket=0,HIGH_INFERRED,RED_INCOMPATIBLE_WITH_CURRENT_POLICY,"Same +13/all-6-excellent stat package as Group 1, applied to defense-slot gear. Six armor-slot categories (Shields/Helms/Armors/Pants/Gloves/Boots) would form complete +13/full-excellent sets if sold together.",CONFIRMED_RAW_DATA_INFERRED_INTERPRETATION,PENDING
76,GROUP 2 -- Armor / Sets,Shields,Elven Shield,"type=6,index=3",WCoinC=15000 / WCoinP=0 / GoblinPoint=0,Permanent,+13 upgrade; 6/6 excellent options (inferred); Ancient/Set=0; Harmony=0; Socket=0,HIGH_INFERRED,RED_INCOMPATIBLE_WITH_CURRENT_POLICY,"Same +13/all-6-excellent stat package as Group 1, applied to defense-slot gear. Six armor-slot categories (Shields/Helms/Armors/Pants/Gloves/Boots) would form complete +13/full-excellent sets if sold together.",CONFIRMED_RAW_DATA_INFERRED_INTERPRETATION,PENDING
77,GROUP 2 -- Armor / Sets,Shields,Buckler,"type=6,index=4",WCoinC=25000 / WCoinP=0 / GoblinPoint=0,Permanent,+13 upgrade; 6/6 excellent options (inferred); Ancient/Set=0; Harmony=0; Socket=0,HIGH_INFERRED,RED_INCOMPATIBLE_WITH_CURRENT_POLICY,"Same +13/all-6-excellent stat package as Group 1, applied to defense-slot gear. Six armor-slot categories (Shields/Helms/Armors/Pants/Gloves/Boots) would form complete +13/full-excellent sets if sold together.",CONFIRMED_RAW_DATA_INFERRED_INTERPRETATION,PENDING
78,GROUP 2 -- Armor / Sets,Shields,Dragon Slayer Shield,"type=6,index=5",WCoinC=25000 / WCoinP=0 / GoblinPoint=0,Permanent,+13 upgrade; 6/6 excellent options (inferred); Ancient/Set=0; Harmony=0; Socket=0,HIGH_INFERRED,RED_INCOMPATIBLE_WITH_CURRENT_POLICY,"Same +13/all-6-excellent stat package as Group 1, applied to defense-slot gear. Six armor-slot categories (Shields/Helms/Armors/Pants/Gloves/Boots) would form complete +13/full-excellent sets if sold together.",CONFIRMED_RAW_DATA_INFERRED_INTERPRETATION,PENDING
79,GROUP 2 -- Armor / Sets,Shields,Skull Shield,"type=6,index=6",WCoinC=25000 / WCoinP=0 / GoblinPoint=0,Permanent,+13 upgrade; 6/6 excellent options (inferred); Ancient/Set=0; Harmony=0; Socket=0,HIGH_INFERRED,RED_INCOMPATIBLE_WITH_CURRENT_POLICY,"Same +13/all-6-excellent stat package as Group 1, applied to defense-slot gear. Six armor-slot categories (Shields/Helms/Armors/Pants/Gloves/Boots) would form complete +13/full-excellent sets if sold together.",CONFIRMED_RAW_DATA_INFERRED_INTERPRETATION,PENDING
80,GROUP 2 -- Armor / Sets,Shields,Spiked Shield,"type=6,index=7",WCoinC=25000 / WCoinP=0 / GoblinPoint=0,Permanent,+13 upgrade; 6/6 excellent options (inferred); Ancient/Set=0; Harmony=0; Socket=0,HIGH_INFERRED,RED_INCOMPATIBLE_WITH_CURRENT_POLICY,"Same +13/all-6-excellent stat package as Group 1, applied to defense-slot gear. Six armor-slot categories (Shields/Helms/Armors/Pants/Gloves/Boots) would form complete +13/full-excellent sets if sold together.",CONFIRMED_RAW_DATA_INFERRED_INTERPRETATION,PENDING
81,GROUP 2 -- Armor / Sets,Shields,Tower Shield,"type=6,index=8",WCoinC=25000 / WCoinP=0 / GoblinPoint=0,Permanent,+13 upgrade; 6/6 excellent options (inferred); Ancient/Set=0; Harmony=0; Socket=0,HIGH_INFERRED,RED_INCOMPATIBLE_WITH_CURRENT_POLICY,"Same +13/all-6-excellent stat package as Group 1, applied to defense-slot gear. Six armor-slot categories (Shields/Helms/Armors/Pants/Gloves/Boots) would form complete +13/full-excellent sets if sold together.",CONFIRMED_RAW_DATA_INFERRED_INTERPRETATION,PENDING
82,GROUP 2 -- Armor / Sets,Shields,Plate Shield,"type=6,index=9",WCoinC=25000 / WCoinP=0 / GoblinPoint=0,Permanent,+13 upgrade; 6/6 excellent options (inferred); Ancient/Set=0; Harmony=0; Socket=0,HIGH_INFERRED,RED_INCOMPATIBLE_WITH_CURRENT_POLICY,"Same +13/all-6-excellent stat package as Group 1, applied to defense-slot gear. Six armor-slot categories (Shields/Helms/Armors/Pants/Gloves/Boots) would form complete +13/full-excellent sets if sold together.",CONFIRMED_RAW_DATA_INFERRED_INTERPRETATION,PENDING
83,GROUP 2 -- Armor / Sets,Shields,Large Round Shield,"type=6,index=10",WCoinC=25000 / WCoinP=0 / GoblinPoint=0,Permanent,+13 upgrade; 6/6 excellent options (inferred); Ancient/Set=0; Harmony=0; Socket=0,HIGH_INFERRED,RED_INCOMPATIBLE_WITH_CURRENT_POLICY,"Same +13/all-6-excellent stat package as Group 1, applied to defense-slot gear. Six armor-slot categories (Shields/Helms/Armors/Pants/Gloves/Boots) would form complete +13/full-excellent sets if sold together.",CONFIRMED_RAW_DATA_INFERRED_INTERPRETATION,PENDING
84,GROUP 2 -- Armor / Sets,Shields,Serpent Shield,"type=6,index=11",WCoinC=25000 / WCoinP=0 / GoblinPoint=0,Permanent,+13 upgrade; 6/6 excellent options (inferred); Ancient/Set=0; Harmony=0; Socket=0,HIGH_INFERRED,RED_INCOMPATIBLE_WITH_CURRENT_POLICY,"Same +13/all-6-excellent stat package as Group 1, applied to defense-slot gear. Six armor-slot categories (Shields/Helms/Armors/Pants/Gloves/Boots) would form complete +13/full-excellent sets if sold together.",CONFIRMED_RAW_DATA_INFERRED_INTERPRETATION,PENDING
85,GROUP 2 -- Armor / Sets,Helms,Bronze Helm,"type=7,index=0",WCoinC=10000 / WCoinP=0 / GoblinPoint=0,Permanent,+13 upgrade; 6/6 excellent options (inferred); Ancient/Set=0; Harmony=0; Socket=0,HIGH_INFERRED,RED_INCOMPATIBLE_WITH_CURRENT_POLICY,"Same +13/all-6-excellent stat package as Group 1, applied to defense-slot gear. Six armor-slot categories (Shields/Helms/Armors/Pants/Gloves/Boots) would form complete +13/full-excellent sets if sold together.",CONFIRMED_RAW_DATA_INFERRED_INTERPRETATION,PENDING
86,GROUP 2 -- Armor / Sets,Helms,Dragon Helm,"type=7,index=1",WCoinC=20000 / WCoinP=0 / GoblinPoint=0,Permanent,+13 upgrade; 6/6 excellent options (inferred); Ancient/Set=0; Harmony=0; Socket=0,HIGH_INFERRED,RED_INCOMPATIBLE_WITH_CURRENT_POLICY,"Same +13/all-6-excellent stat package as Group 1, applied to defense-slot gear. Six armor-slot categories (Shields/Helms/Armors/Pants/Gloves/Boots) would form complete +13/full-excellent sets if sold together.",CONFIRMED_RAW_DATA_INFERRED_INTERPRETATION,PENDING
87,GROUP 2 -- Armor / Sets,Helms,Pad Helm,"type=7,index=2",WCoinC=30000 / WCoinP=0 / GoblinPoint=0,Permanent,+13 upgrade; 6/6 excellent options (inferred); Ancient/Set=0; Harmony=0; Socket=0,HIGH_INFERRED,RED_INCOMPATIBLE_WITH_CURRENT_POLICY,"Same +13/all-6-excellent stat package as Group 1, applied to defense-slot gear. Six armor-slot categories (Shields/Helms/Armors/Pants/Gloves/Boots) would form complete +13/full-excellent sets if sold together.",CONFIRMED_RAW_DATA_INFERRED_INTERPRETATION,PENDING
88,GROUP 2 -- Armor / Sets,Helms,Legendary Helm,"type=7,index=3",WCoinC=15000 / WCoinP=0 / GoblinPoint=0,Permanent,+13 upgrade; 6/6 excellent options (inferred); Ancient/Set=0; Harmony=0; Socket=0,HIGH_INFERRED,RED_INCOMPATIBLE_WITH_CURRENT_POLICY,"Same +13/all-6-excellent stat package as Group 1, applied to defense-slot gear. Six armor-slot categories (Shields/Helms/Armors/Pants/Gloves/Boots) would form complete +13/full-excellent sets if sold together.",CONFIRMED_RAW_DATA_INFERRED_INTERPRETATION,PENDING
89,GROUP 2 -- Armor / Sets,Helms,Bone Helm,"type=7,index=4",WCoinC=25000 / WCoinP=0 / GoblinPoint=0,Permanent,+13 upgrade; 6/6 excellent options (inferred); Ancient/Set=0; Harmony=0; Socket=0,HIGH_INFERRED,RED_INCOMPATIBLE_WITH_CURRENT_POLICY,"Same +13/all-6-excellent stat package as Group 1, applied to defense-slot gear. Six armor-slot categories (Shields/Helms/Armors/Pants/Gloves/Boots) would form complete +13/full-excellent sets if sold together.",CONFIRMED_RAW_DATA_INFERRED_INTERPRETATION,PENDING
90,GROUP 2 -- Armor / Sets,Helms,Leather Helm,"type=7,index=5",WCoinC=25000 / WCoinP=0 / GoblinPoint=0,Permanent,+13 upgrade; 6/6 excellent options (inferred); Ancient/Set=0; Harmony=0; Socket=0,HIGH_INFERRED,RED_INCOMPATIBLE_WITH_CURRENT_POLICY,"Same +13/all-6-excellent stat package as Group 1, applied to defense-slot gear. Six armor-slot categories (Shields/Helms/Armors/Pants/Gloves/Boots) would form complete +13/full-excellent sets if sold together.",CONFIRMED_RAW_DATA_INFERRED_INTERPRETATION,PENDING
91,GROUP 2 -- Armor / Sets,Helms,Scale Helm,"type=7,index=6",WCoinC=25000 / WCoinP=0 / GoblinPoint=0,Permanent,+13 upgrade; 6/6 excellent options (inferred); Ancient/Set=0; Harmony=0; Socket=0,HIGH_INFERRED,RED_INCOMPATIBLE_WITH_CURRENT_POLICY,"Same +13/all-6-excellent stat package as Group 1, applied to defense-slot gear. Six armor-slot categories (Shields/Helms/Armors/Pants/Gloves/Boots) would form complete +13/full-excellent sets if sold together.",CONFIRMED_RAW_DATA_INFERRED_INTERPRETATION,PENDING
92,GROUP 2 -- Armor / Sets,Helms,Sphinx Mask,"type=7,index=7",WCoinC=25000 / WCoinP=0 / GoblinPoint=0,Permanent,+13 upgrade; 6/6 excellent options (inferred); Ancient/Set=0; Harmony=0; Socket=0,HIGH_INFERRED,RED_INCOMPATIBLE_WITH_CURRENT_POLICY,"Same +13/all-6-excellent stat package as Group 1, applied to defense-slot gear. Six armor-slot categories (Shields/Helms/Armors/Pants/Gloves/Boots) would form complete +13/full-excellent sets if sold together.",CONFIRMED_RAW_DATA_INFERRED_INTERPRETATION,PENDING
93,GROUP 2 -- Armor / Sets,Helms,Brass Helm,"type=7,index=8",WCoinC=25000 / WCoinP=0 / GoblinPoint=0,Permanent,+13 upgrade; 6/6 excellent options (inferred); Ancient/Set=0; Harmony=0; Socket=0,HIGH_INFERRED,RED_INCOMPATIBLE_WITH_CURRENT_POLICY,"Same +13/all-6-excellent stat package as Group 1, applied to defense-slot gear. Six armor-slot categories (Shields/Helms/Armors/Pants/Gloves/Boots) would form complete +13/full-excellent sets if sold together.",CONFIRMED_RAW_DATA_INFERRED_INTERPRETATION,PENDING
94,GROUP 2 -- Armor / Sets,Helms,Plate Helm,"type=7,index=9",WCoinC=25000 / WCoinP=0 / GoblinPoint=0,Permanent,+13 upgrade; 6/6 excellent options (inferred); Ancient/Set=0; Harmony=0; Socket=0,HIGH_INFERRED,RED_INCOMPATIBLE_WITH_CURRENT_POLICY,"Same +13/all-6-excellent stat package as Group 1, applied to defense-slot gear. Six armor-slot categories (Shields/Helms/Armors/Pants/Gloves/Boots) would form complete +13/full-excellent sets if sold together.",CONFIRMED_RAW_DATA_INFERRED_INTERPRETATION,PENDING
95,GROUP 2 -- Armor / Sets,Helms,Vine Helm,"type=7,index=10",WCoinC=25000 / WCoinP=0 / GoblinPoint=0,Permanent,+13 upgrade; 6/6 excellent options (inferred); Ancient/Set=0; Harmony=0; Socket=0,HIGH_INFERRED,RED_INCOMPATIBLE_WITH_CURRENT_POLICY,"Same +13/all-6-excellent stat package as Group 1, applied to defense-slot gear. Six armor-slot categories (Shields/Helms/Armors/Pants/Gloves/Boots) would form complete +13/full-excellent sets if sold together.",CONFIRMED_RAW_DATA_INFERRED_INTERPRETATION,PENDING
96,GROUP 2 -- Armor / Sets,Helms,Silk Helm,"type=7,index=11",WCoinC=25000 / WCoinP=0 / GoblinPoint=0,Permanent,+13 upgrade; 6/6 excellent options (inferred); Ancient/Set=0; Harmony=0; Socket=0,HIGH_INFERRED,RED_INCOMPATIBLE_WITH_CURRENT_POLICY,"Same +13/all-6-excellent stat package as Group 1, applied to defense-slot gear. Six armor-slot categories (Shields/Helms/Armors/Pants/Gloves/Boots) would form complete +13/full-excellent sets if sold together.",CONFIRMED_RAW_DATA_INFERRED_INTERPRETATION,PENDING
97,GROUP 2 -- Armor / Sets,Armors,Bronze Armor,"type=8,index=0",WCoinC=10000 / WCoinP=0 / GoblinPoint=0,Permanent,+13 upgrade; 6/6 excellent options (inferred); Ancient/Set=0; Harmony=0; Socket=0,HIGH_INFERRED,RED_INCOMPATIBLE_WITH_CURRENT_POLICY,"Same +13/all-6-excellent stat package as Group 1, applied to defense-slot gear. Six armor-slot categories (Shields/Helms/Armors/Pants/Gloves/Boots) would form complete +13/full-excellent sets if sold together.",CONFIRMED_RAW_DATA_INFERRED_INTERPRETATION,PENDING
98,GROUP 2 -- Armor / Sets,Armors,Dragon Armor,"type=8,index=1",WCoinC=20000 / WCoinP=0 / GoblinPoint=0,Permanent,+13 upgrade; 6/6 excellent options (inferred); Ancient/Set=0; Harmony=0; Socket=0,HIGH_INFERRED,RED_INCOMPATIBLE_WITH_CURRENT_POLICY,"Same +13/all-6-excellent stat package as Group 1, applied to defense-slot gear. Six armor-slot categories (Shields/Helms/Armors/Pants/Gloves/Boots) would form complete +13/full-excellent sets if sold together.",CONFIRMED_RAW_DATA_INFERRED_INTERPRETATION,PENDING
99,GROUP 2 -- Armor / Sets,Armors,Pad Armor,"type=8,index=2",WCoinC=30000 / WCoinP=0 / GoblinPoint=0,Permanent,+13 upgrade; 6/6 excellent options (inferred); Ancient/Set=0; Harmony=0; Socket=0,HIGH_INFERRED,RED_INCOMPATIBLE_WITH_CURRENT_POLICY,"Same +13/all-6-excellent stat package as Group 1, applied to defense-slot gear. Six armor-slot categories (Shields/Helms/Armors/Pants/Gloves/Boots) would form complete +13/full-excellent sets if sold together.",CONFIRMED_RAW_DATA_INFERRED_INTERPRETATION,PENDING
100,GROUP 2 -- Armor / Sets,Armors,Legendary Armor,"type=8,index=3",WCoinC=15000 / WCoinP=0 / GoblinPoint=0,Permanent,+13 upgrade; 6/6 excellent options (inferred); Ancient/Set=0; Harmony=0; Socket=0,HIGH_INFERRED,RED_INCOMPATIBLE_WITH_CURRENT_POLICY,"Same +13/all-6-excellent stat package as Group 1, applied to defense-slot gear. Six armor-slot categories (Shields/Helms/Armors/Pants/Gloves/Boots) would form complete +13/full-excellent sets if sold together.",CONFIRMED_RAW_DATA_INFERRED_INTERPRETATION,PENDING
101,GROUP 2 -- Armor / Sets,Armors,Bone Armor,"type=8,index=4",WCoinC=25000 / WCoinP=0 / GoblinPoint=0,Permanent,+13 upgrade; 6/6 excellent options (inferred); Ancient/Set=0; Harmony=0; Socket=0,HIGH_INFERRED,RED_INCOMPATIBLE_WITH_CURRENT_POLICY,"Same +13/all-6-excellent stat package as Group 1, applied to defense-slot gear. Six armor-slot categories (Shields/Helms/Armors/Pants/Gloves/Boots) would form complete +13/full-excellent sets if sold together.",CONFIRMED_RAW_DATA_INFERRED_INTERPRETATION,PENDING
102,GROUP 2 -- Armor / Sets,Armors,Leather Armor,"type=8,index=5",WCoinC=25000 / WCoinP=0 / GoblinPoint=0,Permanent,+13 upgrade; 6/6 excellent options (inferred); Ancient/Set=0; Harmony=0; Socket=0,HIGH_INFERRED,RED_INCOMPATIBLE_WITH_CURRENT_POLICY,"Same +13/all-6-excellent stat package as Group 1, applied to defense-slot gear. Six armor-slot categories (Shields/Helms/Armors/Pants/Gloves/Boots) would form complete +13/full-excellent sets if sold together.",CONFIRMED_RAW_DATA_INFERRED_INTERPRETATION,PENDING
103,GROUP 2 -- Armor / Sets,Armors,Scale Armor,"type=8,index=6",WCoinC=25000 / WCoinP=0 / GoblinPoint=0,Permanent,+13 upgrade; 6/6 excellent options (inferred); Ancient/Set=0; Harmony=0; Socket=0,HIGH_INFERRED,RED_INCOMPATIBLE_WITH_CURRENT_POLICY,"Same +13/all-6-excellent stat package as Group 1, applied to defense-slot gear. Six armor-slot categories (Shields/Helms/Armors/Pants/Gloves/Boots) would form complete +13/full-excellent sets if sold together.",CONFIRMED_RAW_DATA_INFERRED_INTERPRETATION,PENDING
104,GROUP 2 -- Armor / Sets,Armors,Sphinx Armor,"type=8,index=7",WCoinC=25000 / WCoinP=0 / GoblinPoint=0,Permanent,+13 upgrade; 6/6 excellent options (inferred); Ancient/Set=0; Harmony=0; Socket=0,HIGH_INFERRED,RED_INCOMPATIBLE_WITH_CURRENT_POLICY,"Same +13/all-6-excellent stat package as Group 1, applied to defense-slot gear. Six armor-slot categories (Shields/Helms/Armors/Pants/Gloves/Boots) would form complete +13/full-excellent sets if sold together.",CONFIRMED_RAW_DATA_INFERRED_INTERPRETATION,PENDING
105,GROUP 2 -- Armor / Sets,Armors,Brass Armor,"type=8,index=8",WCoinC=25000 / WCoinP=0 / GoblinPoint=0,Permanent,+13 upgrade; 6/6 excellent options (inferred); Ancient/Set=0; Harmony=0; Socket=0,HIGH_INFERRED,RED_INCOMPATIBLE_WITH_CURRENT_POLICY,"Same +13/all-6-excellent stat package as Group 1, applied to defense-slot gear. Six armor-slot categories (Shields/Helms/Armors/Pants/Gloves/Boots) would form complete +13/full-excellent sets if sold together.",CONFIRMED_RAW_DATA_INFERRED_INTERPRETATION,PENDING
106,GROUP 2 -- Armor / Sets,Armors,Plate Armor,"type=8,index=9",WCoinC=25000 / WCoinP=0 / GoblinPoint=0,Permanent,+13 upgrade; 6/6 excellent options (inferred); Ancient/Set=0; Harmony=0; Socket=0,HIGH_INFERRED,RED_INCOMPATIBLE_WITH_CURRENT_POLICY,"Same +13/all-6-excellent stat package as Group 1, applied to defense-slot gear. Six armor-slot categories (Shields/Helms/Armors/Pants/Gloves/Boots) would form complete +13/full-excellent sets if sold together.",CONFIRMED_RAW_DATA_INFERRED_INTERPRETATION,PENDING
107,GROUP 2 -- Armor / Sets,Armors,Vine Armor,"type=8,index=10",WCoinC=25000 / WCoinP=0 / GoblinPoint=0,Permanent,+13 upgrade; 6/6 excellent options (inferred); Ancient/Set=0; Harmony=0; Socket=0,HIGH_INFERRED,RED_INCOMPATIBLE_WITH_CURRENT_POLICY,"Same +13/all-6-excellent stat package as Group 1, applied to defense-slot gear. Six armor-slot categories (Shields/Helms/Armors/Pants/Gloves/Boots) would form complete +13/full-excellent sets if sold together.",CONFIRMED_RAW_DATA_INFERRED_INTERPRETATION,PENDING
108,GROUP 2 -- Armor / Sets,Armors,Silk Armor,"type=8,index=11",WCoinC=25000 / WCoinP=0 / GoblinPoint=0,Permanent,+13 upgrade; 6/6 excellent options (inferred); Ancient/Set=0; Harmony=0; Socket=0,HIGH_INFERRED,RED_INCOMPATIBLE_WITH_CURRENT_POLICY,"Same +13/all-6-excellent stat package as Group 1, applied to defense-slot gear. Six armor-slot categories (Shields/Helms/Armors/Pants/Gloves/Boots) would form complete +13/full-excellent sets if sold together.",CONFIRMED_RAW_DATA_INFERRED_INTERPRETATION,PENDING
109,GROUP 2 -- Armor / Sets,Pants,Bronze Pants,"type=9,index=0",WCoinC=10000 / WCoinP=0 / GoblinPoint=0,Permanent,+13 upgrade; 6/6 excellent options (inferred); Ancient/Set=0; Harmony=0; Socket=0,HIGH_INFERRED,RED_INCOMPATIBLE_WITH_CURRENT_POLICY,"Same +13/all-6-excellent stat package as Group 1, applied to defense-slot gear. Six armor-slot categories (Shields/Helms/Armors/Pants/Gloves/Boots) would form complete +13/full-excellent sets if sold together.",CONFIRMED_RAW_DATA_INFERRED_INTERPRETATION,PENDING
110,GROUP 2 -- Armor / Sets,Pants,Dragon Pants,"type=9,index=1",WCoinC=20000 / WCoinP=0 / GoblinPoint=0,Permanent,+13 upgrade; 6/6 excellent options (inferred); Ancient/Set=0; Harmony=0; Socket=0,HIGH_INFERRED,RED_INCOMPATIBLE_WITH_CURRENT_POLICY,"Same +13/all-6-excellent stat package as Group 1, applied to defense-slot gear. Six armor-slot categories (Shields/Helms/Armors/Pants/Gloves/Boots) would form complete +13/full-excellent sets if sold together.",CONFIRMED_RAW_DATA_INFERRED_INTERPRETATION,PENDING
111,GROUP 2 -- Armor / Sets,Pants,Pad Pants,"type=9,index=2",WCoinC=30000 / WCoinP=0 / GoblinPoint=0,Permanent,+13 upgrade; 6/6 excellent options (inferred); Ancient/Set=0; Harmony=0; Socket=0,HIGH_INFERRED,RED_INCOMPATIBLE_WITH_CURRENT_POLICY,"Same +13/all-6-excellent stat package as Group 1, applied to defense-slot gear. Six armor-slot categories (Shields/Helms/Armors/Pants/Gloves/Boots) would form complete +13/full-excellent sets if sold together.",CONFIRMED_RAW_DATA_INFERRED_INTERPRETATION,PENDING
112,GROUP 2 -- Armor / Sets,Pants,Legendary Pants,"type=9,index=3",WCoinC=15000 / WCoinP=0 / GoblinPoint=0,Permanent,+13 upgrade; 6/6 excellent options (inferred); Ancient/Set=0; Harmony=0; Socket=0,HIGH_INFERRED,RED_INCOMPATIBLE_WITH_CURRENT_POLICY,"Same +13/all-6-excellent stat package as Group 1, applied to defense-slot gear. Six armor-slot categories (Shields/Helms/Armors/Pants/Gloves/Boots) would form complete +13/full-excellent sets if sold together.",CONFIRMED_RAW_DATA_INFERRED_INTERPRETATION,PENDING
113,GROUP 2 -- Armor / Sets,Pants,Bone Pants,"type=9,index=4",WCoinC=25000 / WCoinP=0 / GoblinPoint=0,Permanent,+13 upgrade; 6/6 excellent options (inferred); Ancient/Set=0; Harmony=0; Socket=0,HIGH_INFERRED,RED_INCOMPATIBLE_WITH_CURRENT_POLICY,"Same +13/all-6-excellent stat package as Group 1, applied to defense-slot gear. Six armor-slot categories (Shields/Helms/Armors/Pants/Gloves/Boots) would form complete +13/full-excellent sets if sold together.",CONFIRMED_RAW_DATA_INFERRED_INTERPRETATION,PENDING
114,GROUP 2 -- Armor / Sets,Pants,Leather Pants,"type=9,index=5",WCoinC=25000 / WCoinP=0 / GoblinPoint=0,Permanent,+13 upgrade; 6/6 excellent options (inferred); Ancient/Set=0; Harmony=0; Socket=0,HIGH_INFERRED,RED_INCOMPATIBLE_WITH_CURRENT_POLICY,"Same +13/all-6-excellent stat package as Group 1, applied to defense-slot gear. Six armor-slot categories (Shields/Helms/Armors/Pants/Gloves/Boots) would form complete +13/full-excellent sets if sold together.",CONFIRMED_RAW_DATA_INFERRED_INTERPRETATION,PENDING
115,GROUP 2 -- Armor / Sets,Pants,Scale Pants,"type=9,index=6",WCoinC=25000 / WCoinP=0 / GoblinPoint=0,Permanent,+13 upgrade; 6/6 excellent options (inferred); Ancient/Set=0; Harmony=0; Socket=0,HIGH_INFERRED,RED_INCOMPATIBLE_WITH_CURRENT_POLICY,"Same +13/all-6-excellent stat package as Group 1, applied to defense-slot gear. Six armor-slot categories (Shields/Helms/Armors/Pants/Gloves/Boots) would form complete +13/full-excellent sets if sold together.",CONFIRMED_RAW_DATA_INFERRED_INTERPRETATION,PENDING
116,GROUP 2 -- Armor / Sets,Pants,Sphinx Pants,"type=9,index=7",WCoinC=25000 / WCoinP=0 / GoblinPoint=0,Permanent,+13 upgrade; 6/6 excellent options (inferred); Ancient/Set=0; Harmony=0; Socket=0,HIGH_INFERRED,RED_INCOMPATIBLE_WITH_CURRENT_POLICY,"Same +13/all-6-excellent stat package as Group 1, applied to defense-slot gear. Six armor-slot categories (Shields/Helms/Armors/Pants/Gloves/Boots) would form complete +13/full-excellent sets if sold together.",CONFIRMED_RAW_DATA_INFERRED_INTERPRETATION,PENDING
117,GROUP 2 -- Armor / Sets,Pants,Brass Pants,"type=9,index=8",WCoinC=25000 / WCoinP=0 / GoblinPoint=0,Permanent,+13 upgrade; 6/6 excellent options (inferred); Ancient/Set=0; Harmony=0; Socket=0,HIGH_INFERRED,RED_INCOMPATIBLE_WITH_CURRENT_POLICY,"Same +13/all-6-excellent stat package as Group 1, applied to defense-slot gear. Six armor-slot categories (Shields/Helms/Armors/Pants/Gloves/Boots) would form complete +13/full-excellent sets if sold together.",CONFIRMED_RAW_DATA_INFERRED_INTERPRETATION,PENDING
118,GROUP 2 -- Armor / Sets,Pants,Plate Pants,"type=9,index=9",WCoinC=25000 / WCoinP=0 / GoblinPoint=0,Permanent,+13 upgrade; 6/6 excellent options (inferred); Ancient/Set=0; Harmony=0; Socket=0,HIGH_INFERRED,RED_INCOMPATIBLE_WITH_CURRENT_POLICY,"Same +13/all-6-excellent stat package as Group 1, applied to defense-slot gear. Six armor-slot categories (Shields/Helms/Armors/Pants/Gloves/Boots) would form complete +13/full-excellent sets if sold together.",CONFIRMED_RAW_DATA_INFERRED_INTERPRETATION,PENDING
119,GROUP 2 -- Armor / Sets,Pants,Vine Pants,"type=9,index=10",WCoinC=25000 / WCoinP=0 / GoblinPoint=0,Permanent,+13 upgrade; 6/6 excellent options (inferred); Ancient/Set=0; Harmony=0; Socket=0,HIGH_INFERRED,RED_INCOMPATIBLE_WITH_CURRENT_POLICY,"Same +13/all-6-excellent stat package as Group 1, applied to defense-slot gear. Six armor-slot categories (Shields/Helms/Armors/Pants/Gloves/Boots) would form complete +13/full-excellent sets if sold together.",CONFIRMED_RAW_DATA_INFERRED_INTERPRETATION,PENDING
120,GROUP 2 -- Armor / Sets,Pants,Silk Pants,"type=9,index=11",WCoinC=25000 / WCoinP=0 / GoblinPoint=0,Permanent,+13 upgrade; 6/6 excellent options (inferred); Ancient/Set=0; Harmony=0; Socket=0,HIGH_INFERRED,RED_INCOMPATIBLE_WITH_CURRENT_POLICY,"Same +13/all-6-excellent stat package as Group 1, applied to defense-slot gear. Six armor-slot categories (Shields/Helms/Armors/Pants/Gloves/Boots) would form complete +13/full-excellent sets if sold together.",CONFIRMED_RAW_DATA_INFERRED_INTERPRETATION,PENDING
121,GROUP 2 -- Armor / Sets,Gloves,Bronze Gloves,"type=10,index=0",WCoinC=10000 / WCoinP=0 / GoblinPoint=0,Permanent,+13 upgrade; 6/6 excellent options (inferred); Ancient/Set=0; Harmony=0; Socket=0,HIGH_INFERRED,RED_INCOMPATIBLE_WITH_CURRENT_POLICY,"Same +13/all-6-excellent stat package as Group 1, applied to defense-slot gear. Six armor-slot categories (Shields/Helms/Armors/Pants/Gloves/Boots) would form complete +13/full-excellent sets if sold together.",CONFIRMED_RAW_DATA_INFERRED_INTERPRETATION,PENDING
122,GROUP 2 -- Armor / Sets,Gloves,Dragon Gloves,"type=10,index=1",WCoinC=20000 / WCoinP=0 / GoblinPoint=0,Permanent,+13 upgrade; 6/6 excellent options (inferred); Ancient/Set=0; Harmony=0; Socket=0,HIGH_INFERRED,RED_INCOMPATIBLE_WITH_CURRENT_POLICY,"Same +13/all-6-excellent stat package as Group 1, applied to defense-slot gear. Six armor-slot categories (Shields/Helms/Armors/Pants/Gloves/Boots) would form complete +13/full-excellent sets if sold together.",CONFIRMED_RAW_DATA_INFERRED_INTERPRETATION,PENDING
123,GROUP 2 -- Armor / Sets,Gloves,Pad Gloves,"type=10,index=2",WCoinC=30000 / WCoinP=0 / GoblinPoint=0,Permanent,+13 upgrade; 6/6 excellent options (inferred); Ancient/Set=0; Harmony=0; Socket=0,HIGH_INFERRED,RED_INCOMPATIBLE_WITH_CURRENT_POLICY,"Same +13/all-6-excellent stat package as Group 1, applied to defense-slot gear. Six armor-slot categories (Shields/Helms/Armors/Pants/Gloves/Boots) would form complete +13/full-excellent sets if sold together.",CONFIRMED_RAW_DATA_INFERRED_INTERPRETATION,PENDING
124,GROUP 2 -- Armor / Sets,Gloves,Legendary Gloves,"type=10,index=3",WCoinC=15000 / WCoinP=0 / GoblinPoint=0,Permanent,+13 upgrade; 6/6 excellent options (inferred); Ancient/Set=0; Harmony=0; Socket=0,HIGH_INFERRED,RED_INCOMPATIBLE_WITH_CURRENT_POLICY,"Same +13/all-6-excellent stat package as Group 1, applied to defense-slot gear. Six armor-slot categories (Shields/Helms/Armors/Pants/Gloves/Boots) would form complete +13/full-excellent sets if sold together.",CONFIRMED_RAW_DATA_INFERRED_INTERPRETATION,PENDING
125,GROUP 2 -- Armor / Sets,Gloves,Bone Gloves,"type=10,index=4",WCoinC=25000 / WCoinP=0 / GoblinPoint=0,Permanent,+13 upgrade; 6/6 excellent options (inferred); Ancient/Set=0; Harmony=0; Socket=0,HIGH_INFERRED,RED_INCOMPATIBLE_WITH_CURRENT_POLICY,"Same +13/all-6-excellent stat package as Group 1, applied to defense-slot gear. Six armor-slot categories (Shields/Helms/Armors/Pants/Gloves/Boots) would form complete +13/full-excellent sets if sold together.",CONFIRMED_RAW_DATA_INFERRED_INTERPRETATION,PENDING
126,GROUP 2 -- Armor / Sets,Gloves,Leather Gloves,"type=10,index=5",WCoinC=25000 / WCoinP=0 / GoblinPoint=0,Permanent,+13 upgrade; 6/6 excellent options (inferred); Ancient/Set=0; Harmony=0; Socket=0,HIGH_INFERRED,RED_INCOMPATIBLE_WITH_CURRENT_POLICY,"Same +13/all-6-excellent stat package as Group 1, applied to defense-slot gear. Six armor-slot categories (Shields/Helms/Armors/Pants/Gloves/Boots) would form complete +13/full-excellent sets if sold together.",CONFIRMED_RAW_DATA_INFERRED_INTERPRETATION,PENDING
127,GROUP 2 -- Armor / Sets,Gloves,Scale Gloves,"type=10,index=6",WCoinC=25000 / WCoinP=0 / GoblinPoint=0,Permanent,+13 upgrade; 6/6 excellent options (inferred); Ancient/Set=0; Harmony=0; Socket=0,HIGH_INFERRED,RED_INCOMPATIBLE_WITH_CURRENT_POLICY,"Same +13/all-6-excellent stat package as Group 1, applied to defense-slot gear. Six armor-slot categories (Shields/Helms/Armors/Pants/Gloves/Boots) would form complete +13/full-excellent sets if sold together.",CONFIRMED_RAW_DATA_INFERRED_INTERPRETATION,PENDING
128,GROUP 2 -- Armor / Sets,Gloves,Sphinx Gloves,"type=10,index=7",WCoinC=25000 / WCoinP=0 / GoblinPoint=0,Permanent,+13 upgrade; 6/6 excellent options (inferred); Ancient/Set=0; Harmony=0; Socket=0,HIGH_INFERRED,RED_INCOMPATIBLE_WITH_CURRENT_POLICY,"Same +13/all-6-excellent stat package as Group 1, applied to defense-slot gear. Six armor-slot categories (Shields/Helms/Armors/Pants/Gloves/Boots) would form complete +13/full-excellent sets if sold together.",CONFIRMED_RAW_DATA_INFERRED_INTERPRETATION,PENDING
129,GROUP 2 -- Armor / Sets,Gloves,Brass Gloves,"type=10,index=8",WCoinC=25000 / WCoinP=0 / GoblinPoint=0,Permanent,+13 upgrade; 6/6 excellent options (inferred); Ancient/Set=0; Harmony=0; Socket=0,HIGH_INFERRED,RED_INCOMPATIBLE_WITH_CURRENT_POLICY,"Same +13/all-6-excellent stat package as Group 1, applied to defense-slot gear. Six armor-slot categories (Shields/Helms/Armors/Pants/Gloves/Boots) would form complete +13/full-excellent sets if sold together.",CONFIRMED_RAW_DATA_INFERRED_INTERPRETATION,PENDING
130,GROUP 2 -- Armor / Sets,Gloves,Plate Gloves,"type=10,index=9",WCoinC=25000 / WCoinP=0 / GoblinPoint=0,Permanent,+13 upgrade; 6/6 excellent options (inferred); Ancient/Set=0; Harmony=0; Socket=0,HIGH_INFERRED,RED_INCOMPATIBLE_WITH_CURRENT_POLICY,"Same +13/all-6-excellent stat package as Group 1, applied to defense-slot gear. Six armor-slot categories (Shields/Helms/Armors/Pants/Gloves/Boots) would form complete +13/full-excellent sets if sold together.",CONFIRMED_RAW_DATA_INFERRED_INTERPRETATION,PENDING
131,GROUP 2 -- Armor / Sets,Gloves,Vine Gloves,"type=10,index=10",WCoinC=25000 / WCoinP=0 / GoblinPoint=0,Permanent,+13 upgrade; 6/6 excellent options (inferred); Ancient/Set=0; Harmony=0; Socket=0,HIGH_INFERRED,RED_INCOMPATIBLE_WITH_CURRENT_POLICY,"Same +13/all-6-excellent stat package as Group 1, applied to defense-slot gear. Six armor-slot categories (Shields/Helms/Armors/Pants/Gloves/Boots) would form complete +13/full-excellent sets if sold together.",CONFIRMED_RAW_DATA_INFERRED_INTERPRETATION,PENDING
132,GROUP 2 -- Armor / Sets,Gloves,Silk Gloves,"type=10,index=11",WCoinC=25000 / WCoinP=0 / GoblinPoint=0,Permanent,+13 upgrade; 6/6 excellent options (inferred); Ancient/Set=0; Harmony=0; Socket=0,HIGH_INFERRED,RED_INCOMPATIBLE_WITH_CURRENT_POLICY,"Same +13/all-6-excellent stat package as Group 1, applied to defense-slot gear. Six armor-slot categories (Shields/Helms/Armors/Pants/Gloves/Boots) would form complete +13/full-excellent sets if sold together.",CONFIRMED_RAW_DATA_INFERRED_INTERPRETATION,PENDING
133,GROUP 2 -- Armor / Sets,Boots,Bronze Boots,"type=11,index=0",WCoinC=10000 / WCoinP=0 / GoblinPoint=0,Permanent,+13 upgrade; 6/6 excellent options (inferred); Ancient/Set=0; Harmony=0; Socket=0,HIGH_INFERRED,RED_INCOMPATIBLE_WITH_CURRENT_POLICY,"Same +13/all-6-excellent stat package as Group 1, applied to defense-slot gear. Six armor-slot categories (Shields/Helms/Armors/Pants/Gloves/Boots) would form complete +13/full-excellent sets if sold together.",CONFIRMED_RAW_DATA_INFERRED_INTERPRETATION,PENDING
134,GROUP 2 -- Armor / Sets,Boots,Dragon Boots,"type=11,index=1",WCoinC=20000 / WCoinP=0 / GoblinPoint=0,Permanent,+13 upgrade; 6/6 excellent options (inferred); Ancient/Set=0; Harmony=0; Socket=0,HIGH_INFERRED,RED_INCOMPATIBLE_WITH_CURRENT_POLICY,"Same +13/all-6-excellent stat package as Group 1, applied to defense-slot gear. Six armor-slot categories (Shields/Helms/Armors/Pants/Gloves/Boots) would form complete +13/full-excellent sets if sold together.",CONFIRMED_RAW_DATA_INFERRED_INTERPRETATION,PENDING
135,GROUP 2 -- Armor / Sets,Boots,Pad Boots,"type=11,index=2",WCoinC=30000 / WCoinP=0 / GoblinPoint=0,Permanent,+13 upgrade; 6/6 excellent options (inferred); Ancient/Set=0; Harmony=0; Socket=0,HIGH_INFERRED,RED_INCOMPATIBLE_WITH_CURRENT_POLICY,"Same +13/all-6-excellent stat package as Group 1, applied to defense-slot gear. Six armor-slot categories (Shields/Helms/Armors/Pants/Gloves/Boots) would form complete +13/full-excellent sets if sold together.",CONFIRMED_RAW_DATA_INFERRED_INTERPRETATION,PENDING
136,GROUP 2 -- Armor / Sets,Boots,Legendary Boots,"type=11,index=3",WCoinC=15000 / WCoinP=0 / GoblinPoint=0,Permanent,+13 upgrade; 6/6 excellent options (inferred); Ancient/Set=0; Harmony=0; Socket=0,HIGH_INFERRED,RED_INCOMPATIBLE_WITH_CURRENT_POLICY,"Same +13/all-6-excellent stat package as Group 1, applied to defense-slot gear. Six armor-slot categories (Shields/Helms/Armors/Pants/Gloves/Boots) would form complete +13/full-excellent sets if sold together.",CONFIRMED_RAW_DATA_INFERRED_INTERPRETATION,PENDING
137,GROUP 2 -- Armor / Sets,Boots,Bone Boots,"type=11,index=4",WCoinC=25000 / WCoinP=0 / GoblinPoint=0,Permanent,+13 upgrade; 6/6 excellent options (inferred); Ancient/Set=0; Harmony=0; Socket=0,HIGH_INFERRED,RED_INCOMPATIBLE_WITH_CURRENT_POLICY,"Same +13/all-6-excellent stat package as Group 1, applied to defense-slot gear. Six armor-slot categories (Shields/Helms/Armors/Pants/Gloves/Boots) would form complete +13/full-excellent sets if sold together.",CONFIRMED_RAW_DATA_INFERRED_INTERPRETATION,PENDING
138,GROUP 2 -- Armor / Sets,Boots,Leather Boots,"type=11,index=5",WCoinC=25000 / WCoinP=0 / GoblinPoint=0,Permanent,+13 upgrade; 6/6 excellent options (inferred); Ancient/Set=0; Harmony=0; Socket=0,HIGH_INFERRED,RED_INCOMPATIBLE_WITH_CURRENT_POLICY,"Same +13/all-6-excellent stat package as Group 1, applied to defense-slot gear. Six armor-slot categories (Shields/Helms/Armors/Pants/Gloves/Boots) would form complete +13/full-excellent sets if sold together.",CONFIRMED_RAW_DATA_INFERRED_INTERPRETATION,PENDING
139,GROUP 2 -- Armor / Sets,Boots,Scale Boots,"type=11,index=6",WCoinC=25000 / WCoinP=0 / GoblinPoint=0,Permanent,+13 upgrade; 6/6 excellent options (inferred); Ancient/Set=0; Harmony=0; Socket=0,HIGH_INFERRED,RED_INCOMPATIBLE_WITH_CURRENT_POLICY,"Same +13/all-6-excellent stat package as Group 1, applied to defense-slot gear. Six armor-slot categories (Shields/Helms/Armors/Pants/Gloves/Boots) would form complete +13/full-excellent sets if sold together.",CONFIRMED_RAW_DATA_INFERRED_INTERPRETATION,PENDING
140,GROUP 2 -- Armor / Sets,Boots,Sphinx Boots,"type=11,index=7",WCoinC=25000 / WCoinP=0 / GoblinPoint=0,Permanent,+13 upgrade; 6/6 excellent options (inferred); Ancient/Set=0; Harmony=0; Socket=0,HIGH_INFERRED,RED_INCOMPATIBLE_WITH_CURRENT_POLICY,"Same +13/all-6-excellent stat package as Group 1, applied to defense-slot gear. Six armor-slot categories (Shields/Helms/Armors/Pants/Gloves/Boots) would form complete +13/full-excellent sets if sold together.",CONFIRMED_RAW_DATA_INFERRED_INTERPRETATION,PENDING
141,GROUP 2 -- Armor / Sets,Boots,Brass Boots,"type=11,index=8",WCoinC=25000 / WCoinP=0 / GoblinPoint=0,Permanent,+13 upgrade; 6/6 excellent options (inferred); Ancient/Set=0; Harmony=0; Socket=0,HIGH_INFERRED,RED_INCOMPATIBLE_WITH_CURRENT_POLICY,"Same +13/all-6-excellent stat package as Group 1, applied to defense-slot gear. Six armor-slot categories (Shields/Helms/Armors/Pants/Gloves/Boots) would form complete +13/full-excellent sets if sold together.",CONFIRMED_RAW_DATA_INFERRED_INTERPRETATION,PENDING
142,GROUP 2 -- Armor / Sets,Boots,Plate Boots,"type=11,index=9",WCoinC=25000 / WCoinP=0 / GoblinPoint=0,Permanent,+13 upgrade; 6/6 excellent options (inferred); Ancient/Set=0; Harmony=0; Socket=0,HIGH_INFERRED,RED_INCOMPATIBLE_WITH_CURRENT_POLICY,"Same +13/all-6-excellent stat package as Group 1, applied to defense-slot gear. Six armor-slot categories (Shields/Helms/Armors/Pants/Gloves/Boots) would form complete +13/full-excellent sets if sold together.",CONFIRMED_RAW_DATA_INFERRED_INTERPRETATION,PENDING
143,GROUP 2 -- Armor / Sets,Boots,Vine Boots,"type=11,index=10",WCoinC=25000 / WCoinP=0 / GoblinPoint=0,Permanent,+13 upgrade; 6/6 excellent options (inferred); Ancient/Set=0; Harmony=0; Socket=0,HIGH_INFERRED,RED_INCOMPATIBLE_WITH_CURRENT_POLICY,"Same +13/all-6-excellent stat package as Group 1, applied to defense-slot gear. Six armor-slot categories (Shields/Helms/Armors/Pants/Gloves/Boots) would form complete +13/full-excellent sets if sold together.",CONFIRMED_RAW_DATA_INFERRED_INTERPRETATION,PENDING
144,GROUP 2 -- Armor / Sets,Boots,Silk Boots,"type=11,index=11",WCoinC=25000 / WCoinP=0 / GoblinPoint=0,Permanent,+13 upgrade; 6/6 excellent options (inferred); Ancient/Set=0; Harmony=0; Socket=0,HIGH_INFERRED,RED_INCOMPATIBLE_WITH_CURRENT_POLICY,"Same +13/all-6-excellent stat package as Group 1, applied to defense-slot gear. Six armor-slot categories (Shields/Helms/Armors/Pants/Gloves/Boots) would form complete +13/full-excellent sets if sold together.",CONFIRMED_RAW_DATA_INFERRED_INTERPRETATION,PENDING
145,GROUP 3 -- Wings,Wings,Wings of Elf,"type=12,index=0",WCoinC=10000 / WCoinP=0 / GoblinPoint=0,Permanent,+13 upgrade; 6/6 excellent options (inferred); Ancient/Set=0; Harmony=0; Socket=0,HIGH_INFERRED,RED_INCOMPATIBLE_WITH_CURRENT_POLICY,"+13/all-6-excellent Wings -- explicitly named in current policy as a RED category (""normal endgame Wings""), and wings are typically the single most visually/mechanically significant equipment slot in MU.",CONFIRMED_RAW_DATA_INFERRED_INTERPRETATION,PENDING
146,GROUP 3 -- Wings,Wings,Wings of Heaven,"type=12,index=1",WCoinC=20000 / WCoinP=0 / GoblinPoint=0,Permanent,+13 upgrade; 6/6 excellent options (inferred); Ancient/Set=0; Harmony=0; Socket=0,HIGH_INFERRED,RED_INCOMPATIBLE_WITH_CURRENT_POLICY,"+13/all-6-excellent Wings -- explicitly named in current policy as a RED category (""normal endgame Wings""), and wings are typically the single most visually/mechanically significant equipment slot in MU.",CONFIRMED_RAW_DATA_INFERRED_INTERPRETATION,PENDING
147,GROUP 3 -- Wings,Wings,Wings of Satan,"type=12,index=2",WCoinC=30000 / WCoinP=0 / GoblinPoint=0,Permanent,+13 upgrade; 6/6 excellent options (inferred); Ancient/Set=0; Harmony=0; Socket=0,HIGH_INFERRED,RED_INCOMPATIBLE_WITH_CURRENT_POLICY,"+13/all-6-excellent Wings -- explicitly named in current policy as a RED category (""normal endgame Wings""), and wings are typically the single most visually/mechanically significant equipment slot in MU.",CONFIRMED_RAW_DATA_INFERRED_INTERPRETATION,PENDING
148,GROUP 3 -- Wings,Wings,Wings of Spirits,"type=12,index=3",WCoinC=15000 / WCoinP=0 / GoblinPoint=0,Permanent,+13 upgrade; 6/6 excellent options (inferred); Ancient/Set=0; Harmony=0; Socket=0,HIGH_INFERRED,RED_INCOMPATIBLE_WITH_CURRENT_POLICY,"+13/all-6-excellent Wings -- explicitly named in current policy as a RED category (""normal endgame Wings""), and wings are typically the single most visually/mechanically significant equipment slot in MU.",CONFIRMED_RAW_DATA_INFERRED_INTERPRETATION,PENDING
149,GROUP 3 -- Wings,Wings,Wings of Soul,"type=12,index=4",WCoinC=25000 / WCoinP=0 / GoblinPoint=0,Permanent,+13 upgrade; 6/6 excellent options (inferred); Ancient/Set=0; Harmony=0; Socket=0,HIGH_INFERRED,RED_INCOMPATIBLE_WITH_CURRENT_POLICY,"+13/all-6-excellent Wings -- explicitly named in current policy as a RED category (""normal endgame Wings""), and wings are typically the single most visually/mechanically significant equipment slot in MU.",CONFIRMED_RAW_DATA_INFERRED_INTERPRETATION,PENDING
150,GROUP 3 -- Wings,Wings,Wings of Dragon,"type=12,index=5",WCoinC=25000 / WCoinP=0 / GoblinPoint=0,Permanent,+13 upgrade; 6/6 excellent options (inferred); Ancient/Set=0; Harmony=0; Socket=0,HIGH_INFERRED,RED_INCOMPATIBLE_WITH_CURRENT_POLICY,"+13/all-6-excellent Wings -- explicitly named in current policy as a RED category (""normal endgame Wings""), and wings are typically the single most visually/mechanically significant equipment slot in MU.",CONFIRMED_RAW_DATA_INFERRED_INTERPRETATION,PENDING
151,GROUP 3 -- Wings,Wings,Wings of Darkness,"type=12,index=6",WCoinC=25000 / WCoinP=0 / GoblinPoint=0,Permanent,+13 upgrade; 6/6 excellent options (inferred); Ancient/Set=0; Harmony=0; Socket=0,HIGH_INFERRED,RED_INCOMPATIBLE_WITH_CURRENT_POLICY,"+13/all-6-excellent Wings -- explicitly named in current policy as a RED category (""normal endgame Wings""), and wings are typically the single most visually/mechanically significant equipment slot in MU.",CONFIRMED_RAW_DATA_INFERRED_INTERPRETATION,PENDING
152,GROUP 3 -- Wings,Wings,Wing of Storm,"type=12,index=36",WCoinC=25000 / WCoinP=0 / GoblinPoint=0,Permanent,+13 upgrade; 6/6 excellent options (inferred); Ancient/Set=0; Harmony=0; Socket=0,HIGH_INFERRED,RED_INCOMPATIBLE_WITH_CURRENT_POLICY,"+13/all-6-excellent Wings -- explicitly named in current policy as a RED category (""normal endgame Wings""), and wings are typically the single most visually/mechanically significant equipment slot in MU.",CONFIRMED_RAW_DATA_INFERRED_INTERPRETATION,PENDING
153,GROUP 3 -- Wings,Wings,Wing of Eternal,"type=12,index=37",WCoinC=25000 / WCoinP=0 / GoblinPoint=0,Permanent,+13 upgrade; 6/6 excellent options (inferred); Ancient/Set=0; Harmony=0; Socket=0,HIGH_INFERRED,RED_INCOMPATIBLE_WITH_CURRENT_POLICY,"+13/all-6-excellent Wings -- explicitly named in current policy as a RED category (""normal endgame Wings""), and wings are typically the single most visually/mechanically significant equipment slot in MU.",CONFIRMED_RAW_DATA_INFERRED_INTERPRETATION,PENDING
154,GROUP 3 -- Wings,Wings,Wing of Illusion,"type=12,index=38",WCoinC=25000 / WCoinP=0 / GoblinPoint=0,Permanent,+13 upgrade; 6/6 excellent options (inferred); Ancient/Set=0; Harmony=0; Socket=0,HIGH_INFERRED,RED_INCOMPATIBLE_WITH_CURRENT_POLICY,"+13/all-6-excellent Wings -- explicitly named in current policy as a RED category (""normal endgame Wings""), and wings are typically the single most visually/mechanically significant equipment slot in MU.",CONFIRMED_RAW_DATA_INFERRED_INTERPRETATION,PENDING
155,GROUP 3 -- Wings,Wings,Wing of Ruin,"type=12,index=39",WCoinC=25000 / WCoinP=0 / GoblinPoint=0,Permanent,+13 upgrade; 6/6 excellent options (inferred); Ancient/Set=0; Harmony=0; Socket=0,HIGH_INFERRED,RED_INCOMPATIBLE_WITH_CURRENT_POLICY,"+13/all-6-excellent Wings -- explicitly named in current policy as a RED category (""normal endgame Wings""), and wings are typically the single most visually/mechanically significant equipment slot in MU.",CONFIRMED_RAW_DATA_INFERRED_INTERPRETATION,PENDING
156,GROUP 3 -- Wings,Wings,Cape of Emperor,"type=12,index=40",WCoinC=25000 / WCoinP=0 / GoblinPoint=0,Permanent,+13 upgrade; 6/6 excellent options (inferred); Ancient/Set=0; Harmony=0; Socket=0,HIGH_INFERRED,RED_INCOMPATIBLE_WITH_CURRENT_POLICY,"+13/all-6-excellent Wings -- explicitly named in current policy as a RED category (""normal endgame Wings""), and wings are typically the single most visually/mechanically significant equipment slot in MU.",CONFIRMED_RAW_DATA_INFERRED_INTERPRETATION,PENDING
157,GROUP 4 -- Pets / Rings / Pendants,Pets/Rings/Pendents,Ring of Ice,"type=13,index=8",WCoinC=10000 / WCoinP=0 / GoblinPoint=0,Permanent,+13 upgrade; 6/6 excellent options (inferred); Ancient/Set=0; Harmony=0; Socket=0,LOW_TO_MODERATE_INFERRED,YELLOW_REQUIRES_DECISION,"Same +13/all-6-excellent bitmask as every other X-Shop row, but on accessory slots with ReqLevel 0-1 in the base game (no level gate at all) -- real but comparatively small combat impact vs. a full weapon/armor/wing. Not zero-power (unlike the CashShop's confirmed +0/+0/+0 items), so not GREEN; genuinely a judgment call on magnitude, so not RED by the same blanket reasoning as Groups 1-3.",CONFIRMED_RAW_DATA_INFERRED_INTERPRETATION,PENDING
158,GROUP 4 -- Pets / Rings / Pendants,Pets/Rings/Pendents,Ring of Poison,"type=13,index=9",WCoinC=20000 / WCoinP=0 / GoblinPoint=0,Permanent,+13 upgrade; 6/6 excellent options (inferred); Ancient/Set=0; Harmony=0; Socket=0,LOW_TO_MODERATE_INFERRED,YELLOW_REQUIRES_DECISION,"Same +13/all-6-excellent bitmask as every other X-Shop row, but on accessory slots with ReqLevel 0-1 in the base game (no level gate at all) -- real but comparatively small combat impact vs. a full weapon/armor/wing. Not zero-power (unlike the CashShop's confirmed +0/+0/+0 items), so not GREEN; genuinely a judgment call on magnitude, so not RED by the same blanket reasoning as Groups 1-3.",CONFIRMED_RAW_DATA_INFERRED_INTERPRETATION,PENDING
159,GROUP 4 -- Pets / Rings / Pendants,Pets/Rings/Pendents,Ring of Fire,"type=13,index=21",WCoinC=30000 / WCoinP=0 / GoblinPoint=0,Permanent,+13 upgrade; 6/6 excellent options (inferred); Ancient/Set=0; Harmony=0; Socket=0,LOW_TO_MODERATE_INFERRED,YELLOW_REQUIRES_DECISION,"Same +13/all-6-excellent bitmask as every other X-Shop row, but on accessory slots with ReqLevel 0-1 in the base game (no level gate at all) -- real but comparatively small combat impact vs. a full weapon/armor/wing. Not zero-power (unlike the CashShop's confirmed +0/+0/+0 items), so not GREEN; genuinely a judgment call on magnitude, so not RED by the same blanket reasoning as Groups 1-3.",CONFIRMED_RAW_DATA_INFERRED_INTERPRETATION,PENDING
160,GROUP 4 -- Pets / Rings / Pendants,Pets/Rings/Pendents,Ring of Earth,"type=13,index=22",WCoinC=15000 / WCoinP=0 / GoblinPoint=0,Permanent,+13 upgrade; 6/6 excellent options (inferred); Ancient/Set=0; Harmony=0; Socket=0,LOW_TO_MODERATE_INFERRED,YELLOW_REQUIRES_DECISION,"Same +13/all-6-excellent bitmask as every other X-Shop row, but on accessory slots with ReqLevel 0-1 in the base game (no level gate at all) -- real but comparatively small combat impact vs. a full weapon/armor/wing. Not zero-power (unlike the CashShop's confirmed +0/+0/+0 items), so not GREEN; genuinely a judgment call on magnitude, so not RED by the same blanket reasoning as Groups 1-3.",CONFIRMED_RAW_DATA_INFERRED_INTERPRETATION,PENDING
161,GROUP 4 -- Pets / Rings / Pendants,Pets/Rings/Pendents,Ring of Wind,"type=13,index=23",WCoinC=25000 / WCoinP=0 / GoblinPoint=0,Permanent,+13 upgrade; 6/6 excellent options (inferred); Ancient/Set=0; Harmony=0; Socket=0,LOW_TO_MODERATE_INFERRED,YELLOW_REQUIRES_DECISION,"Same +13/all-6-excellent bitmask as every other X-Shop row, but on accessory slots with ReqLevel 0-1 in the base game (no level gate at all) -- real but comparatively small combat impact vs. a full weapon/armor/wing. Not zero-power (unlike the CashShop's confirmed +0/+0/+0 items), so not GREEN; genuinely a judgment call on magnitude, so not RED by the same blanket reasoning as Groups 1-3.",CONFIRMED_RAW_DATA_INFERRED_INTERPRETATION,PENDING
162,GROUP 4 -- Pets / Rings / Pendants,Pets/Rings/Pendents,Ring of Magic,"type=13,index=24",WCoinC=25000 / WCoinP=0 / GoblinPoint=0,Permanent,+13 upgrade; 6/6 excellent options (inferred); Ancient/Set=0; Harmony=0; Socket=0,LOW_TO_MODERATE_INFERRED,YELLOW_REQUIRES_DECISION,"Same +13/all-6-excellent bitmask as every other X-Shop row, but on accessory slots with ReqLevel 0-1 in the base game (no level gate at all) -- real but comparatively small combat impact vs. a full weapon/armor/wing. Not zero-power (unlike the CashShop's confirmed +0/+0/+0 items), so not GREEN; genuinely a judgment call on magnitude, so not RED by the same blanket reasoning as Groups 1-3.",CONFIRMED_RAW_DATA_INFERRED_INTERPRETATION,PENDING
163,GROUP 4 -- Pets / Rings / Pendants,Pets/Rings/Pendents,Pendant of Lighting,"type=13,index=12",WCoinC=25000 / WCoinP=0 / GoblinPoint=0,Permanent,+13 upgrade; 6/6 excellent options (inferred); Ancient/Set=0; Harmony=0; Socket=0,LOW_TO_MODERATE_INFERRED,YELLOW_REQUIRES_DECISION,"Same +13/all-6-excellent bitmask as every other X-Shop row, but on accessory slots with ReqLevel 0-1 in the base game (no level gate at all) -- real but comparatively small combat impact vs. a full weapon/armor/wing. Not zero-power (unlike the CashShop's confirmed +0/+0/+0 items), so not GREEN; genuinely a judgment call on magnitude, so not RED by the same blanket reasoning as Groups 1-3.",CONFIRMED_RAW_DATA_INFERRED_INTERPRETATION,PENDING
164,GROUP 4 -- Pets / Rings / Pendants,Pets/Rings/Pendents,Pendant of Fire,"type=13,index=13",WCoinC=25000 / WCoinP=0 / GoblinPoint=0,Permanent,+13 upgrade; 6/6 excellent options (inferred); Ancient/Set=0; Harmony=0; Socket=0,LOW_TO_MODERATE_INFERRED,YELLOW_REQUIRES_DECISION,"Same +13/all-6-excellent bitmask as every other X-Shop row, but on accessory slots with ReqLevel 0-1 in the base game (no level gate at all) -- real but comparatively small combat impact vs. a full weapon/armor/wing. Not zero-power (unlike the CashShop's confirmed +0/+0/+0 items), so not GREEN; genuinely a judgment call on magnitude, so not RED by the same blanket reasoning as Groups 1-3.",CONFIRMED_RAW_DATA_INFERRED_INTERPRETATION,PENDING
165,GROUP 4 -- Pets / Rings / Pendants,Pets/Rings/Pendents,Pendant of Ice,"type=13,index=25",WCoinC=25000 / WCoinP=0 / GoblinPoint=0,Permanent,+13 upgrade; 6/6 excellent options (inferred); Ancient/Set=0; Harmony=0; Socket=0,LOW_TO_MODERATE_INFERRED,YELLOW_REQUIRES_DECISION,"Same +13/all-6-excellent bitmask as every other X-Shop row, but on accessory slots with ReqLevel 0-1 in the base game (no level gate at all) -- real but comparatively small combat impact vs. a full weapon/armor/wing. Not zero-power (unlike the CashShop's confirmed +0/+0/+0 items), so not GREEN; genuinely a judgment call on magnitude, so not RED by the same blanket reasoning as Groups 1-3.",CONFIRMED_RAW_DATA_INFERRED_INTERPRETATION,PENDING
166,GROUP 4 -- Pets / Rings / Pendants,Pets/Rings/Pendents,Pendant of Wind,"type=13,index=26",WCoinC=25000 / WCoinP=0 / GoblinPoint=0,Permanent,+13 upgrade; 6/6 excellent options (inferred); Ancient/Set=0; Harmony=0; Socket=0,LOW_TO_MODERATE_INFERRED,YELLOW_REQUIRES_DECISION,"Same +13/all-6-excellent bitmask as every other X-Shop row, but on accessory slots with ReqLevel 0-1 in the base game (no level gate at all) -- real but comparatively small combat impact vs. a full weapon/armor/wing. Not zero-power (unlike the CashShop's confirmed +0/+0/+0 items), so not GREEN; genuinely a judgment call on magnitude, so not RED by the same blanket reasoning as Groups 1-3.",CONFIRMED_RAW_DATA_INFERRED_INTERPRETATION,PENDING
167,GROUP 4 -- Pets / Rings / Pendants,Pets/Rings/Pendents,Pendant of Water,"type=13,index=27",WCoinC=25000 / WCoinP=0 / GoblinPoint=0,Permanent,+13 upgrade; 6/6 excellent options (inferred); Ancient/Set=0; Harmony=0; Socket=0,LOW_TO_MODERATE_INFERRED,YELLOW_REQUIRES_DECISION,"Same +13/all-6-excellent bitmask as every other X-Shop row, but on accessory slots with ReqLevel 0-1 in the base game (no level gate at all) -- real but comparatively small combat impact vs. a full weapon/armor/wing. Not zero-power (unlike the CashShop's confirmed +0/+0/+0 items), so not GREEN; genuinely a judgment call on magnitude, so not RED by the same blanket reasoning as Groups 1-3.",CONFIRMED_RAW_DATA_INFERRED_INTERPRETATION,PENDING
168,GROUP 4 -- Pets / Rings / Pendants,Pets/Rings/Pendents,Pendant of Ability,"type=13,index=28",WCoinC=25000 / WCoinP=0 / GoblinPoint=0,Permanent,+13 upgrade; 6/6 excellent options (inferred); Ancient/Set=0; Harmony=0; Socket=0,LOW_TO_MODERATE_INFERRED,YELLOW_REQUIRES_DECISION,"Same +13/all-6-excellent bitmask as every other X-Shop row, but on accessory slots with ReqLevel 0-1 in the base game (no level gate at all) -- real but comparatively small combat impact vs. a full weapon/armor/wing. Not zero-power (unlike the CashShop's confirmed +0/+0/+0 items), so not GREEN; genuinely a judgment call on magnitude, so not RED by the same blanket reasoning as Groups 1-3.",CONFIRMED_RAW_DATA_INFERRED_INTERPRETATION,PENDING
